heart_rate,movement,battery,signal_strength,time_since_heartbeat,location_change,check_in_overdue,safety_status
99,7.077649214626446,1,62,1,0.19175117652020457,1,Caution
85,1.8205980511410336,96,64,46,3.602630342359155,0,Caution
57,0.9319705108403464,10,65,79,4.488717900609731,0,High Risk
77,3.988152263308946,74,90,93,1.6436696872605157,1,Caution
72,9.469089394753132,28,58,83,3.911609360418878,0,Safe
62,2.615101949160763,93,47,116,4.900020190816546,0,Safe
85,7.4260238326912535,51,46,83,3.7584844832667947,1,Caution
133,0.6420076783797546,27,31,75,3.9849140396847798,0,High Risk
108,1.0253281347255694,77,18,85,0.3931461646841167,1,High Risk
67,2.2648986906635713,45,8,7,3.7760897403923805,0,Safe
67,1.3773766301689372,28,42,99,0.41705881784534826,0,Caution
137,1.6191756288795922,44,2,8,1.4051378372285983,0,Caution
88,6.709453120861891,19,13,111,2.002137952628903,0,Caution
115,1.659104449015394,14,42,29,0.2395210280128829,1,High Risk
140,7.608865029838237,2,30,97,3.38780456217564,0,High Risk
91,6.808025263744274,97,28,64,4.258531106626053,1,High Risk
138,9.60146267251853,88,59,81,0.39057582395365775,0,Caution
138,0.9303480434938671,29,51,56,2.1779066463030494,1,High Risk
88,0.010386859559469164,39,36,28,1.5010747939008295,1,Caution
66,1.747954142796625,89,9,88,3.486497217536098,0,Caution
111,8.507198630049087,60,20,34,0.5631667212241503,0,High Risk
91,9.738171775330047,64,37,58,2.9420085843079997,1,Caution
99,9.703822107828673,96,19,54,2.512907883778503,1,High Risk
80,9.56979336085222,70,6,33,1.9987239757008735,0,Caution
87,2.358403290368493,45,35,57,3.2452565039490167,0,Safe
57,1.5722743074353707,35,65,106,1.917492441119299,0,Caution
103,8.075654308854782,48,34,119,2.0951049429010764,0,Safe
121,3.507600548756986,66,19,102,0.39357402513920725,0,High Risk
113,5.47041526615684,13,36,39,2.461970496048348,0,High Risk
58,8.845373849710969,16,49,53,1.581697689195669,0,Safe
64,3.604634638559814,25,48,89,3.7212889832765845,0,Safe
140,8.596808944289535,90,14,91,2.320095214888851,1,High Risk
139,3.3971055672458883,1,39,1,4.381602226008024,0,Caution
130,4.817216200443314,72,100,101,1.631157659346928,0,Caution
73,3.6276497626720405,22,26,98,3.450970421550345,0,Caution
84,5.420194914778431,87,24,16,1.1630956402899417,0,Safe
126,3.187641434179216,49,62,30,3.1120374281337404,0,Safe
97,8.832031428461638,55,7,84,1.7420631559942152,0,Caution
125,3.565512110990161,70,69,88,1.4083496390602501,0,Caution
113,9.136660239234843,31,84,50,4.501268831861688,1,High Risk
65,7.558315759540374,11,47,30,1.1819368028672472,1,Caution
123,1.1155606607619184,64,87,105,0.25155505755206753,1,High Risk
123,2.5950381972363177,9,12,52,3.306428960423917,0,High Risk
90,8.92744483020214,25,99,118,0.0683995588745634,1,Caution
71,7.3085234360642035,74,44,61,4.469005787146198,1,Caution
56,8.031319839904967,93,91,33,0.8245721310051646,1,Caution
126,1.7136656343044032,68,33,26,3.2610733874528863,0,Caution
122,6.981169496975426,45,18,105,0.6211949092654778,1,High Risk
60,9.435297131476503,59,27,13,2.7847580218760255,1,Caution
120,0.3709891250380404,32,81,97,4.535884135463217,1,High Risk
97,9.187677274789731,48,14,49,0.47606256501832367,1,High Risk
134,6.076377286316776,26,65,35,0.6557501907769375,1,High Risk
68,1.194039481769651,38,17,62,2.42337682496828,1,High Risk
67,7.420997354190453,88,100,112,1.0544883940771732,0,Safe
57,2.7605478764605906,87,43,119,4.157532136424516,1,Caution
125,9.486477735440706,32,18,117,0.2940289860430967,0,High Risk
112,9.597425539146172,14,40,53,0.1607091361124019,0,High Risk
81,0.6352972432853354,73,38,98,4.199452092033711,1,High Risk
68,7.17523522007868,64,48,60,4.185196285165443,0,Safe
104,6.033342171857471,95,97,102,3.925548168181095,1,Caution
112,9.310932982344488,69,22,36,0.5169000889371833,0,High Risk
60,4.878041688471938,71,37,86,2.982725820943808,1,Caution
105,0.7030069667496119,71,8,82,4.030548851803706,0,Caution
126,6.384075605080622,85,60,2,4.3830871687801585,1,Caution
70,8.187620854799567,32,1,37,3.612833144966696,0,Caution
83,9.416658564808976,82,4,45,2.022300933511407,0,Caution
120,3.7076160041233166,16,32,58,2.355294631356891,1,High Risk
130,0.20759523885480302,91,36,113,3.9153769146585757,0,High Risk
131,3.739866613717232,51,11,86,3.0479656748575152,1,High Risk
76,4.375643917235916,65,45,70,4.45242365489518,1,Caution
86,5.084797403816081,94,44,20,2.6509943145061454,1,Safe
68,2.920215885691244,81,97,38,2.684289369615156,0,Safe
107,1.653313813085816,90,90,25,0.13059952484724746,1,Caution
139,3.2950501136349164,84,34,73,1.1068630217541564,1,High Risk
87,6.282456395769911,11,87,49,4.861506694393793,1,High Risk
130,8.022222714284327,42,0,100,3.644109679097796,0,High Risk
107,3.3219959862892248,45,71,24,3.2855457887402713,0,Safe
123,0.8701072230857188,83,28,31,2.6509389076526806,0,High Risk
128,9.106747598644361,24,37,50,1.1179117619217194,1,High Risk
87,1.6715095661631818,87,69,111,0.9539685480146948,0,Caution
116,1.9073418488816896,12,95,75,3.330299869607733,0,High Risk
111,1.2481984307044403,100,55,44,0.14286334685134072,1,High Risk
77,4.563503453064671,43,50,84,1.6903904771519245,1,Caution
60,9.2331993942628,15,85,34,0.08214100365606158,0,Safe
125,2.990372878996046,81,99,99,2.29782506267503,1,High Risk
111,3.6602516052744525,43,30,28,3.54981851242939,0,Safe
81,6.622399473269831,16,23,41,3.166749383920266,1,High Risk
132,6.6707716020709835,96,8,102,2.9887406326616865,0,High Risk
97,0.7507346352798272,52,31,1,4.265550318834128,0,Safe
109,4.024852592051198,2,68,61,0.9931008545589581,0,Caution
140,6.393156760945202,95,72,31,2.5647356989643892,1,High Risk
63,4.324491160532448,17,59,120,0.1564985268195096,1,Caution
102,5.336648004329918,14,9,98,4.778772997004419,1,High Risk
56,7.104114017460347,69,55,91,4.45848666494972,0,Safe
79,3.385218989771719,42,95,81,4.467356432059807,1,Caution
55,7.430894602920394,83,67,64,3.446065527586222,0,Safe
135,8.121509944418795,13,68,57,4.675353739464042,1,Emergency
87,7.833340284589192,76,81,44,0.8394752960958218,0,Safe
56,8.728918180236098,45,5,61,1.621277936235399,0,Caution
109,7.690431444413962,67,85,69,4.4543602920904855,1,Caution
105,9.14799305942122,12,52,37,3.789147886516129,1,High Risk
139,7.877451729336475,18,70,26,0.09129132512068816,0,Safe
86,0.3265961588966515,53,75,7,2.9285318692549693,1,Caution
58,2.1964325994824394,65,84,80,4.263035662197183,0,Safe
125,3.3772395558928325,18,96,13,2.640505046541815,1,Caution
115,3.656084949957108,41,67,107,2.7411895883925212,1,High Risk
55,1.1382511837454523,63,72,20,4.426994427602609,1,Caution
139,5.67270842367761,6,23,80,2.7286057140255426,1,Emergency
86,3.4291363459807247,60,89,62,3.2229556834835393,0,Safe
79,1.4814640962979486,63,76,71,1.545447988478158,0,Caution
74,0.5529690346452576,16,38,72,3.2800259120249686,0,Caution
133,5.439864493394828,44,22,52,3.3801624618294843,0,High Risk
110,3.9123228213076064,73,87,33,4.609580614249536,1,Caution
90,1.1262542845270052,98,34,15,4.887288355398001,0,Safe
115,2.2047323933075305,92,53,67,4.380521009633516,1,High Risk
104,0.9350885265601905,73,85,11,0.3178341868346135,1,Caution
130,5.467700093905145,61,88,92,4.4111850519841305,0,Caution
135,7.488570818512064,91,3,72,0.9181058002204373,1,High Risk
101,9.237773696973635,61,60,38,1.9198534943684564,0,Safe
90,9.648183505670232,16,68,48,3.1525366160958135,0,Safe
108,3.5870947177405577,69,40,48,0.2952530259845809,0,Safe
66,4.6955355935692875,16,30,17,3.395456416815908,1,Safe
64,0.5043210250377961,87,0,40,2.3503008205713467,1,High Risk
134,7.651403237554812,7,91,12,1.2983498092266,0,Caution
130,1.2874749617975223,11,84,1,3.3834278242111044,1,High Risk
98,3.875918217939922,77,92,108,1.3355017365220434,1,Caution
78,0.019485878918347188,90,57,52,0.32815370458104065,0,Caution
127,1.1272270954471986,95,93,111,1.0971813384002527,0,High Risk
88,5.417528813724587,54,66,55,2.735088645114969,0,Safe
129,3.223943820536239,60,69,6,0.6288721608907399,1,Caution
89,3.8297720585117565,87,61,82,1.4572954898557233,1,Caution
63,5.2144262757172255,43,77,8,0.3088621391482732,0,Safe
132,4.593296425974273,60,93,105,3.05021268002894,1,High Risk
101,3.516819642614366,98,96,17,1.464682409800428,1,Safe
58,7.7581363183068355,12,57,78,0.891448941114632,0,Caution
65,1.3401105398538737,71,64,112,2.23220443085993,0,Caution
113,9.346359807005,78,62,108,0.369101224731439,1,High Risk
65,5.777920704411695,14,48,58,4.491358032082539,1,High Risk
56,6.84710913356196,82,84,15,0.6004244084100097,0,Safe
88,1.5665843253301615,79,99,1,4.364455665723323,1,Caution
63,5.689432982208309,44,46,30,1.3400668686214312,0,Safe
94,5.412011874768309,46,19,120,0.4501692060305551,1,High Risk
82,8.06568539122842,35,99,93,1.530945738895579,1,Caution
78,7.5541563332554755,51,1,86,1.1909748470844832,0,Caution
71,8.544867629320631,32,75,69,1.5864195037877953,1,Caution
62,6.180057638980734,67,28,22,0.12448338624533872,1,Caution
84,4.779944045327754,18,31,28,4.0132428305228025,0,Safe
83,7.179566891346331,82,57,53,1.6420815491098013,0,Safe
75,7.427366139965532,98,38,73,0.09739208226262286,0,Safe
97,6.452495694231786,61,19,67,3.874325554534069,1,High Risk
66,3.3652470738528963,27,89,60,2.880670656861471,0,Safe
88,3.001384628805476,99,26,36,1.379735422171795,1,High Risk
95,4.051582371015019,11,66,7,0.4158952823299039,0,Safe
120,0.2473759478131965,86,6,19,3.0561647732249035,0,Caution
133,4.204456388672905,100,89,113,3.512478551368607,0,Caution
119,9.940758591599423,78,73,9,2.9498124465866087,1,Caution
98,9.825570995641677,19,87,73,4.914606597031001,1,Caution
140,2.474648773415762,35,24,70,0.3771789507426426,0,High Risk
136,9.32904527549714,89,77,92,2.2885651506871847,0,Caution
112,3.988655162653054,90,63,99,1.9357320775491826,0,Caution
105,9.7063571479639,55,98,94,2.8992663082358394,1,Caution
115,4.048115970227846,72,84,36,2.8424837600463917,0,Caution
104,9.911125636623435,12,74,20,4.636632404359343,1,Caution
128,5.021867457306898,69,86,89,4.307339207249662,0,Caution
85,7.327770326886998,56,100,79,0.808624669186826,0,Safe
57,4.940005097570735,22,14,31,4.487471278782886,0,Caution
128,2.1230801635231336,13,94,82,1.0051855998179975,0,High Risk
119,9.008038926687766,27,1,73,4.3841090637441695,0,High Risk
58,4.880853825769514,21,90,113,0.8366293072030334,0,Safe
136,3.360321551421456,65,9,78,0.06965220191417765,1,High Risk
95,3.551486510686195,74,100,85,0.8945978815059247,0,Safe
103,9.952272216269806,35,20,79,4.46681475526821,1,High Risk
135,5.960455044553793,24,47,89,2.902274212968277,0,Caution
92,6.6437982201382,60,34,45,2.6706288862387657,0,Safe
128,0.6768588652312757,80,61,110,4.20258768190754,1,High Risk
123,4.178634836124352,35,13,4,0.48260738491950117,1,High Risk
88,8.4451837718686,31,38,7,0.368452978922163,1,Safe
67,9.940636304506999,64,78,12,3.9663795417553844,0,Safe
140,0.3305893162610485,13,23,98,4.548463920889416,1,Emergency
109,0.6556849810820353,27,86,112,3.3145642716904007,1,High Risk
78,8.199356199503047,22,85,14,4.908705879386394,1,Safe
134,7.060801718949116,23,19,51,3.2628328732518237,0,High Risk
83,8.008984090331886,75,79,84,1.5595766329790233,1,Caution
135,1.554927260992005,25,30,64,3.1585181948678343,1,High Risk
120,8.560958269781962,93,86,82,3.6618896355960526,0,Caution
78,7.57830244610555,30,57,93,4.6418375057733225,0,Safe
139,5.739580087736044,36,2,82,3.902743728517591,0,High Risk
87,0.6525760879078024,89,88,56,0.39257410868445475,1,High Risk
69,3.0173588422652706,24,14,1,1.422840245190693,0,Safe
139,6.5081128371478485,23,58,50,0.991105750336525,1,High Risk
134,0.5250956212049485,55,31,97,0.6153051068880788,0,High Risk
110,1.6008307792046095,21,74,20,0.3342843709011595,1,Caution
117,1.8425989707313462,31,91,114,0.770616836566515,0,High Risk
110,7.925629619390579,86,97,50,0.1581078130148067,1,Caution
115,9.994812746090968,25,2,112,1.1939792661174964,1,High Risk
140,8.866018148400702,65,1,18,1.1268635551551802,1,High Risk
89,0.7365645096330009,99,27,103,1.1554567346575535,0,Caution
139,3.887272493299684,29,80,26,1.9157558890821824,0,Safe
97,5.050175486124271,2,51,116,1.839980767533294,0,Caution
61,8.143068822580922,23,46,68,3.1354462887797308,0,Safe
126,0.9541875574916991,86,16,111,1.7348536228714257,0,High Risk
73,0.5624204384443665,49,51,71,2.8881915802792735,0,Caution
82,3.4563973944874204,65,82,116,1.126771364832958,0,Safe
136,1.8997905975843077,9,66,87,1.3471174718322327,1,Emergency
104,6.742797406872754,60,41,108,4.5897707591473464,0,Safe
103,3.4220831287175013,34,95,105,3.7496300579622073,0,Safe
111,4.051844241787737,75,75,17,2.5681294927805496,0,Safe
57,3.82367461322246,21,85,53,0.9591534670860047,0,Safe
81,9.426288654831064,50,7,47,3.1655546862714146,1,High Risk
99,9.8803131550614,62,27,20,3.478154481206704,1,Caution
129,8.417382925755518,92,39,109,3.4846476863301583,1,High Risk
69,3.3500565409028846,75,28,100,1.5474454656579546,0,Caution
98,5.3523466984610115,15,50,16,0.05572991234187863,0,Safe
59,8.331168670502116,22,29,23,3.3632333593163133,0,Safe
100,6.406795978835981,43,4,116,1.298433184503246,1,High Risk
140,0.2967268019900293,7,63,110,1.3642382572092893,1,Emergency
138,4.328419387474788,4,85,37,2.9415398191281565,1,Emergency
96,4.687305654941884,52,65,92,4.014853293615096,1,Caution
132,6.297423737176096,9,98,112,1.4410783597842536,1,Emergency
119,8.983884213369581,2,51,53,2.3386089632080296,0,High Risk
90,7.706077239756488,64,1,63,0.6026520208917874,1,High Risk
101,6.248600425689782,17,59,110,2.456484935097289,0,Safe
79,9.483018084754924,45,88,70,1.3664719557033527,1,Caution
136,5.866323895486188,5,100,107,1.5122650820393047,1,Emergency
77,1.302358910160607,1,63,44,2.038543671297432,0,High Risk
134,2.7463618848632656,83,51,74,3.1851057517730275,1,High Risk
67,5.272100903363902,5,3,14,3.630712650248564,0,Caution
68,8.452071683744443,74,20,28,1.7530842073237447,1,Caution
135,0.28677016255150845,3,76,58,3.586745732949298,0,High Risk
113,2.0570484968746374,63,55,75,4.8822187545182425,1,High Risk
126,0.6399851128032308,43,71,78,1.223411381215187,0,High Risk
69,7.606511451281182,63,72,110,1.98290278208537,0,Safe
111,9.889690485933473,61,26,28,3.0825747873123204,0,Caution
119,2.3550051774346628,43,42,26,3.6334338352951328,0,Safe
94,4.721804743867748,38,43,62,1.6083034823082554,0,Safe
114,7.576285411545323,80,72,98,4.964174822329542,0,Caution
139,8.56387395999953,91,2,32,1.6017910223662457,0,High Risk
87,5.150158835638998,60,2,69,2.9483606791860097,0,Caution
133,4.758703488652119,43,30,57,0.6830572866239737,1,High Risk
60,3.2576908475784427,31,30,37,4.966356051621885,1,Caution
112,7.587969689900229,47,69,76,4.406223547739248,1,High Risk
133,9.18556022629091,21,73,48,4.899058222473817,1,High Risk
65,8.34226703094472,31,100,10,4.457694200138124,1,Safe
140,6.61923207080306,88,67,117,3.737863310566767,1,High Risk
101,7.552846326400525,89,9,67,0.8817551629412645,0,Caution
127,2.663115459393033,23,11,1,4.558288795025824,0,Caution
94,7.703048434462598,89,71,31,1.2191566566275502,0,Safe
116,3.2475322767594417,64,95,26,1.2408772023757546,1,Caution
93,6.022037462254145,57,76,19,1.0540441979092596,1,Safe
102,7.859610897439132,7,22,79,0.05287201617348747,1,High Risk
89,9.574768060398776,51,23,7,3.4194712286827404,1,Caution
75,9.433895631975581,73,53,50,3.037329915422833,0,Safe
112,1.2017338148397883,67,69,54,3.437838272207166,1,High Risk
65,7.306804851679825,47,13,73,1.3086892439325593,1,High Risk
63,9.531366600489397,49,5,83,4.190800917017221,1,High Risk
58,9.141037893320851,58,97,83,1.5056114679019272,0,Safe
108,3.3095481028205453,51,39,83,3.8841557982506765,1,Caution
88,8.81626749018651,57,65,46,2.6504265162130243,0,Safe
70,7.057469687184743,94,100,97,4.035193811119918,0,Safe
93,7.9859122385466685,58,79,90,4.9333563460920455,0,Safe
69,8.20943592589906,29,62,12,3.5859027041296425,1,Safe
93,6.303791726388076,17,69,36,3.3512981292478052,1,Caution
59,5.024575603600962,36,97,96,3.0796433001571613,0,Safe
83,7.053031493707267,89,95,36,4.837818560611296,1,Caution
84,9.549958457138901,37,89,41,4.520842307595618,1,Caution
120,1.161791509179354,43,83,113,3.792566857325199,1,High Risk
76,9.027161841767795,23,61,3,4.691959550655336,1,Safe
59,7.660749918660312,92,61,89,1.9314983109778332,0,Safe
114,3.7982667866519195,88,27,92,2.8712271035342503,0,High Risk
82,0.3190805806011632,34,19,53,3.9725995235812706,0,Caution
114,1.1088875078111715,53,85,103,2.494189223849446,1,High Risk
112,0.8512476705794525,5,9,90,4.334048422554624,1,Emergency
60,7.182525942746838,90,89,31,1.1177534937809896,1,Caution
61,3.2400600658741627,76,34,41,4.90843967499499,0,Safe
84,8.341484290620388,3,30,11,2.7691934433714627,1,Caution
123,0.42534903660575885,12,59,19,3.3032487577475314,1,High Risk
98,2.7248870137395462,55,4,61,4.820123156708342,0,Caution
71,2.313196807593937,45,87,108,2.2411624255505935,1,Caution
133,3.054152892198468,3,46,30,4.961886307994227,0,Caution
61,0.9781857713177922,30,2,107,0.8242135788199489,1,High Risk
87,9.755623891237446,90,82,21,4.709552744236843,0,Safe
103,1.2575980738696624,2,70,63,4.451874860990058,0,High Risk
70,5.191647038068112,87,8,45,0.4269720882404965,0,Caution
140,5.088894008188177,33,18,40,3.9203702932037916,1,High Risk
60,5.127857157839786,46,51,93,1.2601088002631884,0,Safe
85,4.3041767833713065,9,74,7,1.3171211122252018,0,Safe
131,5.664289796645098,74,35,24,2.561276556030582,1,Caution
137,1.9590935158383571,93,17,107,2.531231019960553,0,High Risk
83,5.948451654095459,34,89,73,2.3298468542355746,0,Safe
112,5.032073310034435,91,89,100,3.8006955213158977,1,High Risk
112,9.599149143830068,60,45,112,1.407116341033462,1,High Risk
62,2.249219113308717,68,81,101,4.123216001799642,1,Caution
83,8.34560884092239,27,24,6,1.9427189094499893,1,Caution
89,6.5039094161903455,40,79,33,0.04631229850076968,0,Safe
73,2.1051731993741276,78,73,2,0.17443590604646397,0,Safe
55,0.8322002193742484,86,20,59,1.1812772334360506,0,Caution
109,0.15950137391101626,26,78,63,3.3701446172192324,0,Caution
123,9.548711037077403,74,82,81,4.828610780496775,1,High Risk
123,6.688563184221645,37,5,88,3.555816003074437,0,High Risk
102,2.7755683117394367,81,94,39,1.894749555905662,1,Caution
89,9.27498893456659,14,96,11,3.488102459680947,0,Safe
78,2.6828331157360283,6,55,93,0.09964674986507216,0,Caution
120,9.104680982256063,15,8,7,2.477547818932624,0,Caution
87,4.787628054370076,37,75,46,4.407247073189126,1,Caution
120,4.3856967579057216,8,37,16,4.991317485568649,0,Caution
93,3.0591998233016593,83,73,82,3.506063662483524,1,Caution
125,6.107259420518646,40,14,110,1.1930575454794372,1,High Risk
75,2.8420964628333145,82,6,16,4.368760857347641,1,Caution
138,7.783174545944532,91,61,89,3.67810757616098,1,High Risk
115,1.6872075888252802,87,93,70,0.7641253215773647,0,High Risk
57,8.584463941988458,44,78,89,4.951749371385843,1,Caution
96,7.026962492325653,71,46,49,3.1801339013346404,0,Safe
86,0.5951350989931525,6,90,55,2.1838364991119583,0,High Risk
105,2.682881070935861,36,8,18,0.6439921003159144,0,Safe
58,8.699126044899135,19,43,86,4.206088289152534,1,Caution
83,5.14708664589579,29,94,99,3.764513748347813,0,Safe
131,4.099199359372944,71,81,47,2.9931259026790995,1,High Risk
65,2.4405395683329734,85,54,11,0.01344031225963327,0,Safe
87,3.1792229923095707,23,37,56,3.349030562864892,0,Safe
101,9.92274588947606,3,89,116,0.9098455065509053,1,High Risk
60,8.475448693545207,100,52,39,2.1248332255831874,0,Safe
75,6.8898225334637955,48,57,70,4.65759698560269,1,Caution
124,3.0034226187963418,81,50,14,0.5721696000271786,0,Safe
129,5.779437617929409,3,98,43,4.181168441471769,1,Emergency
62,1.3114838168286047,20,2,70,4.241216969514056,0,Caution
71,7.8368429129081765,37,99,87,3.826812659012667,0,Safe
107,3.4579569824791156,41,80,14,1.7894255298483497,0,Safe
120,2.3322912681151777,77,22,79,3.6689541589016974,0,High Risk
136,0.7734522423482348,63,44,41,1.548657386757456,1,High Risk
57,1.0178332875976293,92,76,72,3.2226635018963896,0,Caution
95,3.2204248863444906,81,77,17,3.4566021816770984,0,Safe
124,1.7359363409900086,97,37,45,0.1659986238190292,0,High Risk
95,1.5216856174763138,5,98,14,0.43250893405510027,1,High Risk
92,0.7306034557738517,28,79,61,2.5864617527189253,1,High Risk
125,6.50906786590855,85,81,16,3.5657638126589557,1,Caution
88,2.326823108066182,72,38,25,1.8029344114015826,0,Safe
139,5.270526442212303,96,38,113,3.8649543530943693,1,High Risk
77,1.6992738648278982,17,88,1,1.7396070338572893,1,Caution
77,2.074222356679658,23,58,34,3.436449324669905,1,Caution
118,7.695123105052597,40,71,101,2.127265337739701,0,Caution
101,6.5608362358367325,43,25,53,2.033787157912061,1,High Risk
122,6.914268333312653,70,4,63,3.6705259174876357,0,High Risk
70,0.4896308780904801,55,88,62,4.810604076907276,1,High Risk
95,3.4555240692563527,98,25,30,3.308800817891506,1,Caution
99,2.734863435673854,23,34,75,1.6813293723940221,1,Caution
134,3.1728284141566476,25,28,47,3.524737626440977,1,High Risk
65,8.708970768173588,95,35,67,0.904392314767834,1,Caution
101,4.259036563235013,61,10,81,3.3551371846383162,0,Caution
81,5.144850917676189,35,64,28,0.13552793733813406,1,Safe
90,7.304387997546009,30,78,112,1.3938811570152194,1,Caution
55,2.9586852371004726,43,23,21,2.9975623798814692,1,Caution
97,7.527299329740973,2,77,61,3.999398921155972,1,High Risk
89,9.173742295402146,16,49,24,0.6553064644818679,0,Safe
75,2.5434221693637484,34,54,50,0.10791752144612865,0,Safe
140,1.2950852747611952,20,88,103,3.4019801727659953,0,High Risk
127,0.8027829113121254,71,38,108,2.6286103069202857,0,High Risk
114,1.3475787444067833,68,73,104,0.518316064322839,1,High Risk
101,0.4271250913267721,4,27,92,2.4980972164338366,0,High Risk
132,7.647440953195506,55,88,49,0.3781086052412219,0,Caution
92,5.919456572376638,30,58,76,4.13469304328942,1,Caution
133,2.101105259431333,95,100,37,4.6148647131149065,1,High Risk
136,8.419965590791405,41,99,59,2.638874075936018,0,Caution
60,5.723409566881194,12,18,37,1.58022332861125,1,High Risk
104,0.03435639304677496,96,94,25,2.04621366532775,1,Caution
56,3.639550496392252,84,79,117,3.5520469169576767,0,Safe
132,2.8547148918387677,48,19,40,3.7453630815998853,0,High Risk
71,8.596697136221398,53,63,68,0.9930013639251956,1,Caution
102,1.5768204803060737,29,43,30,1.8959882646156072,1,Caution
69,9.502453068244275,99,69,89,2.612493877834376,0,Safe
56,3.423210013651208,45,78,74,2.2524531050640535,1,Caution
80,0.24244076689986405,45,33,86,1.855764879526291,1,High Risk
62,6.8765521782555545,43,49,65,3.1244700505137217,1,Caution
74,6.378222224789995,5,75,2,4.697314169677158,1,Caution
61,2.5779605424209984,33,5,56,3.245206729844652,0,Caution
130,7.501480407493509,55,92,50,4.863396432219346,0,Caution
56,0.674272067193411,81,64,88,2.6823065215616113,1,High Risk
70,9.173119262466162,60,97,82,0.4137116086306186,0,Safe
107,3.6441415126284458,75,43,16,3.1159354654080578,1,Safe
106,3.9266994462656113,46,33,26,2.47622323673009,1,Safe
123,1.3379643383711648,74,8,82,2.9037235410129796,1,Emergency
109,7.157586958952953,12,2,90,4.521608094362793,1,High Risk
92,8.243413247761476,44,38,54,4.327999383416921,0,Safe
58,6.514640429387699,42,77,91,2.151737478601315,1,Caution
134,9.07566859461088,88,40,40,2.0458291393851087,1,High Risk
133,2.01963225300803,65,85,103,0.7014566503731107,0,Caution
94,4.036661617180247,52,70,90,0.5740161165856539,0,Safe
71,4.506924427556454,69,27,11,2.8860250234169382,1,Caution
90,3.8132321414847747,38,92,112,4.750459997482692,0,Safe
78,7.028398910921006,34,64,94,4.366591191683038,0,Safe
125,1.46695592007425,2,5,61,2.951628121972205,1,Emergency
84,6.5677226119357925,59,33,73,3.3774001641516875,1,Caution
126,5.014457575178099,21,48,13,0.292973987075833,0,Safe
83,3.167046829268031,11,87,70,3.778004057777154,0,Caution
128,2.883118734378546,57,56,1,0.7845511653131509,1,Caution
86,0.07469676533609304,19,55,45,3.949353375788406,1,High Risk
82,9.913347712027575,84,12,86,3.0770509077907575,0,Caution
125,0.30080620365302235,67,59,77,3.9204923078815717,0,High Risk
120,1.7031102568470935,66,25,74,2.236090675613998,1,Emergency
120,4.771823874259876,95,58,112,4.55713233977265,1,High Risk
120,8.968060972454012,81,77,35,3.75703630312696,1,High Risk
117,2.628117247071211,74,35,61,3.112123778441739,1,High Risk
105,4.145138913996313,51,17,78,0.5246911032730245,1,High Risk
84,7.876843659350228,29,13,67,2.836980549452626,0,Caution
122,2.1912299228786782,71,33,78,0.7948054739962201,0,Caution
130,8.536189293873479,2,10,54,2.418880566084383,1,Emergency
92,2.865133302334071,31,89,108,3.7583256330690373,1,Caution
98,9.368053421401298,97,20,60,4.007374673820239,0,Caution
58,7.014371491747545,58,81,39,2.347096817457506,1,Caution
95,0.4560002287276166,28,82,95,4.304709120444095,0,Caution
99,1.6290470281880087,14,46,89,4.491855640754082,0,High Risk
71,1.805652689866969,36,99,24,3.7645998754071597,1,Caution
111,3.800120471019018,7,80,98,3.6022916022641214,1,Emergency
70,9.628108093698497,68,61,90,3.887223110229203,1,Caution
118,1.2541935663985804,58,9,102,1.0057418311878308,0,High Risk
72,1.0689261338559186,57,63,15,3.412882081253153,0,Safe
107,2.8498066011797594,40,64,37,0.8799781232678988,0,Safe
140,3.5915616359497915,73,28,117,0.935471581543047,0,High Risk
116,0.4675551396012356,43,16,22,1.777390657823787,1,High Risk
89,5.887939538183581,58,62,9,1.5642558399073665,1,Safe
119,2.069494438744174,41,15,64,4.860187266072821,1,High Risk
129,5.904948747570384,97,75,92,0.1751509491773201,0,Caution
115,7.316355905063939,25,15,17,3.802795870267216,0,Caution
137,6.235577939314646,89,88,90,0.7100226820571265,0,Caution
123,0.4382626776265619,64,1,19,4.051741779663184,1,High Risk
90,3.6067409764822833,92,80,115,3.8766837322858674,1,Caution
57,4.472630003695615,40,67,8,0.6835745350039679,1,Safe
100,9.975411116602974,30,31,5,1.3401262911250904,1,Safe
66,8.560131503640847,41,12,91,2.8371278467654064,1,High Risk
58,3.07256294668517,63,23,71,4.645645197059644,0,Caution
84,6.207997345042385,94,98,13,2.6162210488517195,1,Safe
119,2.103264852191442,75,28,39,3.468438236723995,1,High Risk
85,6.079021133537513,59,14,15,4.836688038815268,1,Caution
69,4.915766853612023,95,17,109,3.602658688518883,1,High Risk
63,3.891948124581126,39,16,108,3.944002426094118,0,Caution
93,5.062921555585696,59,61,107,3.3590629074855993,0,Safe
86,7.930655096162324,58,9,51,1.4128766155737116,1,High Risk
126,4.01624626966806,57,72,77,1.3499382690423911,1,High Risk
63,1.4416608998963332,46,77,102,1.673565476527597,1,High Risk
87,4.733765968138343,72,82,112,2.057471352330368,1,Caution
62,0.9156450497823143,32,54,22,3.145739289220628,1,Caution
80,1.2188129914515955,67,57,120,0.7902360733028574,0,Caution
67,2.679014980609465,22,69,51,0.5218948396238565,1,Caution
92,1.9404589358266722,64,68,70,0.7541389387418485,0,Caution
76,9.408004704909178,33,87,90,3.109012609682649,1,Caution
76,7.475674972433519,40,59,37,0.9792658698141038,0,Safe
56,5.119904386700758,25,87,31,4.928347188200726,0,Safe
86,2.3009277852642542,14,6,47,3.645411893289705,0,High Risk
63,3.87890594412735,19,53,92,3.5919981972355264,1,Caution
120,0.5494356750719087,77,45,82,4.0561876016655845,1,High Risk
137,6.291234425424576,91,45,47,4.857175519430016,1,High Risk
116,1.8016931011756276,34,64,103,2.4282874994040275,1,High Risk
108,7.901871751710044,54,77,100,0.5544750085112554,0,Safe
83,8.14958114466554,93,72,64,4.467026399979546,0,Safe
140,3.908101775825247,73,31,65,0.6588112016920045,1,High Risk
130,0.5365110255677585,19,6,112,1.6273153286788877,1,Emergency
94,4.592473673893489,57,73,54,2.251408456254908,1,Caution
120,3.5315818574802793,27,97,113,1.648686760270162,0,Caution
92,3.6450420088977262,65,15,102,4.435457162725479,0,Caution
69,9.06722033243367,78,15,52,4.305300768530981,1,High Risk
113,3.2106328689595554,81,45,92,2.252544296723269,1,High Risk
81,7.175075326987773,22,84,48,3.477662433767849,1,Caution
57,9.967957737571046,70,40,78,2.263172603472119,1,Caution
85,0.41441167599711726,49,80,76,2.8584204817836856,1,High Risk
86,3.400901063969192,55,32,108,4.317326717224693,1,Caution
103,9.83075031078563,33,48,46,0.03622575926811422,1,Caution
116,3.8425670479256926,50,92,42,1.5397098435496614,0,Caution
74,4.153208153610949,64,95,119,3.6818917860210605,1,Caution
128,4.673526181266729,64,16,24,4.334246662317704,1,High Risk
86,4.2559252923996995,87,97,61,0.9336381463576493,1,Caution
75,9.122805118160775,59,33,114,4.296387304898266,0,Safe
116,2.9318371146887454,58,46,32,0.26279249480527067,0,Caution
83,4.330877919469148,43,46,116,1.4510837720542864,0,Safe
113,5.902905056050297,26,98,76,2.8457189233153457,0,Caution
99,2.1453110761745977,41,27,77,0.008968377216982959,0,Caution
95,6.680058895235704,74,55,42,1.4235125557604338,1,Caution
102,2.0122769042201205,26,37,105,2.3340412744413417,1,Caution
76,6.666612441581506,32,28,43,1.8295643232259322,0,Caution
61,5.766263336548118,48,69,85,0.29788630558051976,1,Caution
137,4.9933197442892645,23,88,13,2.4111346728089207,0,Safe
104,8.247691121997573,93,2,42,0.6383234815492111,0,Caution
104,5.973401078361524,96,17,83,1.8281317584125478,1,High Risk
107,1.2175192677996205,85,69,11,1.5064913231718635,0,Safe
131,2.7771693663815498,29,34,71,0.4558495453403688,0,Caution
98,6.775333510919093,90,27,23,4.334891283358818,1,Caution
134,6.797092231775425,50,43,67,1.015830408731364,1,High Risk
79,8.896795509502551,19,93,68,1.3916228633874883,1,Caution
90,8.975887634255045,86,21,52,0.06946948953535703,1,High Risk
132,3.3766581056368663,86,51,92,0.2978284687551258,1,High Risk
102,8.958978970331628,69,7,30,4.771843816454417,1,Caution
111,1.4804401194980232,25,88,28,1.1132262200188077,1,High Risk
109,7.561158860296498,46,100,53,1.0441411670303113,0,Safe
64,1.2859033942568654,7,15,15,3.844495323264205,0,Caution
73,5.895015412215838,61,21,34,4.528395919660485,1,High Risk
123,2.178302844566015,47,60,38,4.798515742629787,0,Caution
60,0.1750025675277933,68,61,95,3.0224256797962266,1,High Risk
57,9.826637595454109,43,40,93,1.3292213701947637,0,Safe
110,6.455705515310654,97,41,7,1.2473869436719291,0,Safe
123,0.7979637371824588,74,27,17,4.88202888161346,0,Caution
63,7.127927075199238,85,23,50,4.469129788564245,0,Caution
134,9.731747807056028,22,91,24,1.4546729448315872,1,Caution
84,5.684460084454786,52,50,13,1.686083623638741,0,Safe
106,4.600414314590652,95,63,66,4.1826430790283196,0,Safe
68,4.559132024142034,64,1,80,2.7568990982861235,0,Caution
139,3.675598597180476,96,83,104,4.403563005389438,1,High Risk
109,7.750577825893801,91,4,67,1.3457674632002496,0,Caution
104,9.567396223461776,88,88,51,1.9209413874149077,1,Caution
117,0.663314527295179,36,95,2,2.225658619436378,1,High Risk
126,4.639155732272373,84,98,108,1.3243513031016607,0,Caution
57,4.00036938069109,77,81,100,0.3664899023807433,0,Safe
133,0.6328097038773461,50,46,102,1.9690619799536973,0,High Risk
129,6.783569132998361,86,65,25,4.8435723720714625,1,Caution
117,8.100740990708253,3,93,66,0.6280226502064562,0,High Risk
122,0.658223644886653,49,96,27,0.3828423853289903,1,High Risk
133,2.2536855796909294,44,11,55,4.4203305263709245,1,High Risk
59,0.6914314585325776,15,3,56,2.6289956163155237,0,Caution
73,9.448670544597395,85,22,71,4.208699275838904,1,High Risk
117,1.6776113491804312,40,51,23,2.862135015267545,0,Caution
110,4.3158589288972475,56,100,33,2.0123211473545495,0,Safe
62,2.338438282160898,5,62,34,2.745941857842972,0,Caution
66,3.7096533373393505,71,92,43,3.8359324856530588,0,Safe
87,1.2408271223116718,13,45,47,4.010553873662736,1,High Risk
66,3.8330546929839993,67,75,21,2.1865921885957897,0,Safe
96,3.577235752056799,7,31,44,2.1839760226941602,1,High Risk
57,8.539359686252565,86,6,33,1.2868647632434689,0,Caution
80,9.836570856262073,89,78,75,0.4492482831211775,0,Safe
123,1.2206555808989406,23,9,44,0.9404902277564442,1,Emergency
64,3.9959802920860676,18,40,77,1.9048876699448647,0,Safe
77,6.118668049160746,87,20,31,4.271898743913897,0,Caution
119,1.524392733692721,83,21,31,1.9285213191020119,1,Emergency
110,7.299885590502276,86,34,115,1.193513655223419,0,Safe
64,0.844401169424136,32,82,101,1.9019156864328042,0,Caution
121,4.679263704100098,100,9,14,1.3375331214517323,0,Caution
110,3.315607177957048,67,87,29,2.0532591450501387,0,Safe
87,0.14590503126365784,83,50,1,2.6510780558794362,1,Caution
73,2.855864224120265,1,31,28,4.984163353532757,0,Safe
83,0.5092291271890659,86,61,110,1.404061767319405,1,High Risk
92,5.354324645063942,46,0,64,0.7108392590618012,0,Caution
119,3.10498464275363,4,36,95,1.0038846977572784,0,High Risk
140,1.1624140459167565,66,18,108,1.1188342957664554,0,High Risk
134,8.36413288378168,63,87,75,0.7149631715890542,1,High Risk
90,5.786707666635379,24,29,11,4.85739921436463,1,Caution
101,4.267652580186678,32,47,117,4.4079823414330725,1,Caution
124,4.033377981566818,89,34,53,3.31322307468717,1,High Risk
65,5.24400016579933,24,68,46,2.330455521342094,1,Caution
79,3.1935635363189308,79,31,117,0.0331521386002781,0,Safe
97,3.770006614104039,86,100,20,3.644471608963749,0,Safe
83,5.045581202352858,6,21,118,2.2942706261363286,1,High Risk
114,3.8698598726203115,16,6,61,1.3312986006793444,1,High Risk
130,8.760927734922445,29,45,114,2.8902981525728944,1,High Risk
136,7.355022671829959,76,14,1,3.521477648888993,1,High Risk
131,9.272427552170114,20,94,66,1.2989495637670516,1,High Risk
104,6.007206159213907,89,23,77,3.7519894480486244,0,Caution
73,4.304100778960872,24,49,29,4.966609845161433,1,Safe
140,0.011163883613775072,23,46,104,2.5251274679409805,1,High Risk
98,6.209275133523786,65,96,43,4.598427046381863,1,Caution
122,9.845756104514594,60,8,71,3.967436770944055,0,High Risk
91,9.04496043097399,60,14,34,1.8894348887728862,1,High Risk
118,8.620725137036715,42,32,68,3.4204877407095546,0,Caution
78,8.9875454510033,61,86,10,3.0976423609138752,1,Safe
131,5.828251164937754,73,90,109,0.5761437233540784,0,Caution
110,1.5326734989596136,25,92,56,1.5165580690636904,0,Caution
91,5.164296451280309,42,13,115,2.0402455431302324,0,Caution
85,1.9229856272513868,6,10,55,3.2090527588295217,1,Emergency
96,4.320396081642838,64,36,100,4.47618251104508,1,Caution
120,6.529651584449892,41,38,5,1.577165524929549,0,Safe
105,6.280796977924728,16,82,73,2.3437379574015376,0,Safe
112,8.150634267970808,35,84,83,2.0745896017888468,1,High Risk
94,3.186542615275675,74,57,84,0.39301494926234637,0,Safe
135,2.099120962777521,72,60,13,3.3684829442527118,0,Safe
116,5.945116610646406,77,50,39,2.398482822150476,0,Caution
78,9.89019936664281,52,74,36,4.227750191988387,0,Safe
118,7.832371820475316,91,25,31,4.97012345561856,1,High Risk
90,6.42446995293584,35,99,72,4.356650038214535,0,Safe
130,1.8390752463957827,87,29,49,0.7397457385161882,1,Emergency
117,1.8946594161822938,10,6,35,1.0581563970026449,0,Emergency
100,4.990815459780241,28,73,118,2.911562436443571,1,Caution
134,9.033439196912765,20,86,43,4.225172683293135,0,Caution
95,8.538351099844952,100,94,88,3.7082643437287093,1,Caution
117,7.0651535794578715,67,43,81,3.6627018740824386,0,Caution
76,3.393924136176455,45,41,73,4.22598848836225,0,Safe
105,3.0152028395235106,68,10,18,2.2563789011890103,0,Safe
88,9.517569259442666,87,47,4,4.567792688197907,1,Safe
92,8.403322922777127,13,67,74,0.30861541128507697,1,High Risk
97,5.533237288369545,11,62,106,0.4216615697646914,1,High Risk
138,8.817080562357893,42,13,26,4.905958876236216,0,Caution
64,7.6129160687704855,75,79,55,0.8306481278312688,0,Safe
70,3.9937708173055073,97,95,43,4.836193261626573,1,Caution
128,0.13483106274267076,70,67,69,2.8393980644662165,0,High Risk
122,9.832949451561094,79,47,44,4.034832647971093,0,Caution
88,9.90151247555819,61,68,37,4.2452461769822865,0,Safe
100,6.550916527622718,41,70,107,2.5188726357139606,1,Caution
78,9.354817346056452,77,44,88,0.8782584106192726,1,Caution
57,8.031427215889051,79,76,9,1.3716618834896805,1,Safe
56,5.95923170237176,91,73,88,0.8754490109393087,1,Caution
93,5.527545119432653,70,2,103,0.0442074523720043,0,Caution
119,8.514680788208786,75,22,102,3.014592179117617,0,High Risk
63,3.1501003166874364,90,53,96,2.470679744240842,1,Caution
100,7.653281270225785,87,76,58,4.14197367520843,1,Caution
113,5.488083062486271,14,8,57,2.081572035094594,1,Emergency
117,3.990646903967078,6,82,92,2.4869400173134593,1,Emergency
99,6.207060111543836,72,34,40,2.876610824100335,0,Safe
134,3.5076697232801246,64,80,40,1.596872560799062,1,High Risk
113,4.52169158098796,73,34,28,4.675681370047406,1,Caution
72,2.401114193368572,95,24,92,3.1704777214273316,1,High Risk
83,2.48298793078913,38,53,22,1.8225600499183714,0,Safe
109,7.302293179599641,88,32,113,2.181921723167158,0,Safe
107,2.4108977791231725,96,2,5,2.4742112441526256,0,Safe
115,0.8597181121113684,14,79,93,3.1292731318600064,1,Emergency
65,8.136091776556707,73,61,51,0.09907702872475,0,Safe
72,4.194175169072798,52,25,119,4.030993937031135,0,Caution
140,9.643055903082303,21,70,71,0.9352093833275388,1,High Risk
133,9.860175001927447,69,75,26,4.06632437310047,1,Caution
126,5.829941171967864,1,58,72,4.709784598195436,0,High Risk
93,1.1357613979159165,1,38,74,2.5009488351163833,1,High Risk
137,0.036843138776475604,16,74,16,1.1873795724819203,1,High Risk
116,3.6580940921967766,72,53,77,2.0818621138945534,0,Caution
90,3.6640158582366777,98,90,92,4.66482845894599,1,Caution
80,8.140416071859818,47,95,63,3.592244421788175,0,Safe
106,8.351224249858332,98,8,19,1.0443337009224125,1,Caution
104,4.18534168598896,82,40,52,2.5615791582972296,0,Safe
67,4.939041552790867,61,73,91,1.1028159120436625,1,Caution
128,1.2187848578019767,10,62,100,3.0550384046690997,1,Emergency
124,0.2267261792603037,35,7,89,0.37028797226133114,1,Emergency
130,9.955682536422081,25,5,41,3.0776667292823867,1,High Risk
58,9.952410361595685,2,90,11,0.3914544983041257,1,Caution
98,0.763210247973648,73,18,47,3.50575585110679,0,Caution
64,3.156705968271253,60,9,23,0.739837631888069,0,Safe
136,9.183556341876516,95,54,22,3.025936698097604,0,Safe
93,8.051453270925537,60,58,36,4.032396495611045,1,Caution
59,4.321976654072053,53,7,98,1.3604433594680254,0,Caution
61,4.643070410513848,11,23,117,2.3280032319586565,1,High Risk
139,9.54465704389299,30,72,73,3.112161892055819,1,High Risk
138,5.137501080965889,12,61,98,3.8455049929165845,1,Emergency
60,0.9101950264958625,53,45,30,1.9021548238349584,1,Caution
60,7.585208465486593,29,96,99,3.6567534009475104,0,Safe
121,1.6011727716614454,59,50,24,4.92304476178595,1,High Risk
64,1.8893462579491116,52,78,74,3.0103561742194858,0,Caution
55,2.2507587664028774,58,33,119,0.6380320455631727,0,Safe
122,1.221362087343666,64,74,44,1.9055832012682465,1,High Risk
81,7.607350155882424,12,36,39,4.306355833377161,0,Caution
133,0.13737733629474613,39,3,77,1.8100848571785466,1,Emergency
85,9.496428501432156,81,43,89,1.4687913004714936,1,Caution
76,9.648910748063395,63,71,77,4.318419223448356,0,Safe
115,8.527297205743986,58,82,63,0.7821576437594296,1,High Risk
105,6.59516375230686,21,98,60,0.3783262394921211,1,Caution
131,6.083471364487412,52,37,29,3.9785379133618437,1,Caution
130,4.932629764438822,85,80,107,2.278442863413953,0,Caution
77,9.122956604282377,26,54,10,4.368314083876558,1,Safe
108,7.8820256141694065,47,12,2,1.5437585080783056,0,Safe
59,4.12182262866451,30,46,5,4.080645654903786,1,Safe
129,3.5522925894683466,47,33,31,3.750717168546233,1,High Risk
98,1.5654241999390317,80,27,8,1.045220011814885,0,Caution
118,9.692026125731793,5,81,27,1.5803699599152365,0,Caution
112,8.816433200296064,47,21,39,0.2938189211409259,0,High Risk
91,0.4390105837043601,96,39,113,3.1101755925020362,1,High Risk
112,8.39889093752678,92,92,36,1.6000235783699435,0,Caution
94,7.661179285868183,49,95,44,1.102521596154617,0,Safe
117,5.779864328844399,74,29,11,3.3965857607026044,1,High Risk
60,6.587372179578717,6,28,67,4.0566655339580775,0,High Risk
74,3.1404391953508304,53,87,12,1.448317220663996,0,Safe
93,0.3573353552668379,32,20,112,0.5453184177330961,0,Caution
90,2.5543945848655856,53,13,70,2.8483629593535973,1,High Risk
95,8.397994081878828,55,78,67,0.06953128616520199,0,Safe
60,1.1957783106358177,81,62,10,3.7438904680383582,0,Safe
67,3.903223932187924,75,54,86,3.362674221924929,0,Safe
132,8.40627595345531,69,2,56,4.753562981918268,1,High Risk
101,9.36477114106693,2,55,45,3.7915328119707215,0,Caution
69,8.778052923396112,44,35,98,4.944869778844267,0,Safe
93,7.268485112078663,76,93,39,0.2401986404292228,1,Caution
114,6.292311995727577,64,55,85,1.5513255719510732,0,Caution
59,8.735449929453132,89,57,11,3.479999721495051,0,Safe
63,4.017286886427246,12,92,49,2.810231603275098,1,High Risk
133,2.011629597517194,34,59,97,3.2479558833359077,0,Caution
138,6.091116496495129,46,30,110,2.593073749493125,0,Caution
123,9.45914802608834,91,90,114,3.5697000860295995,0,Caution
134,6.855184980019891,79,18,63,1.2420426948209835,1,High Risk
140,7.669448721272528,30,100,7,2.968568913352976,0,Safe
103,1.0601600252674137,5,45,55,3.4214761096915476,1,High Risk
57,3.4915304755610412,80,24,4,3.6922423965998457,1,Caution
63,4.631024732810568,76,50,93,0.5053375068124455,0,Safe
62,4.679059046316571,63,62,61,4.281617956938194,1,Caution
135,4.933755950386899,38,72,83,4.957365949186915,1,High Risk
129,3.298526996585991,86,92,85,4.081591193998555,0,Caution
74,8.118781667611865,91,38,27,3.4333577870848093,1,Safe
77,0.09904748459153567,4,50,42,2.318525405911507,0,High Risk
103,0.14319833511618696,25,55,73,2.8254046976430107,1,High Risk
78,9.652685883849534,32,76,71,2.056786146683942,1,Caution
58,0.9477762288331837,88,10,116,3.0893444350314025,1,High Risk
140,4.933352065041326,43,6,118,4.091205562285139,1,High Risk
115,9.593879109933606,95,0,20,0.09338854792237616,0,Caution
102,6.662849884778531,8,36,101,3.8582884009704483,1,High Risk
88,5.177698765068066,63,80,9,3.533345206490062,1,Safe
110,4.950181405224104,65,69,50,3.5229451820995012,1,Caution
137,0.6138275830234152,78,53,57,3.8656806191443973,1,High Risk
116,9.918947189134057,71,61,118,4.680376799616634,1,High Risk
112,1.2727774141298664,97,6,30,2.3830952862214136,0,Caution
118,0.8433192747935048,65,17,11,0.07697567449677756,1,High Risk
63,9.64974203999225,35,82,31,3.4805188292215283,1,Caution
89,1.307157349260758,41,75,62,1.8873295037743403,0,Caution
93,9.87461907398348,76,52,70,3.573671520226637,0,Safe
70,7.129738905577052,44,37,46,4.463764854323947,1,Caution
135,3.3486228527186137,34,65,16,4.722187946884668,1,Caution
64,9.988465571497272,44,63,108,4.193248145047194,0,Safe
91,1.5517957128788507,3,26,96,2.289935342708145,1,Emergency
83,6.541070395261025,60,76,9,1.4993875239566812,0,Safe
79,9.204801423795482,77,89,81,2.1087474759647757,0,Safe
132,3.699661722941916,100,32,113,1.685604252132732,0,Caution
64,0.9240972852679197,82,53,104,2.609688973513886,1,High Risk
116,0.4145812127823645,55,87,79,4.941043243002574,1,High Risk
112,9.412199651956595,11,86,92,1.0116862568678648,0,High Risk
85,3.391735341599993,39,47,103,0.17399708994811414,0,Safe
63,2.257153503131497,87,60,23,3.044224973763428,1,Safe
98,1.2795017295853273,76,58,104,2.8219979488922817,1,High Risk
98,2.0744750432210814,5,16,42,3.310635342320703,0,High Risk
127,3.765549035108602,50,61,55,3.9904717559385694,0,Caution
139,5.126461390867785,46,45,113,1.0688858272134123,0,Caution
114,2.5587927895353566,77,3,109,3.536339822554158,1,High Risk
97,7.01190476227993,26,72,106,1.3140718244172678,1,Caution
121,8.17912170906043,45,92,72,3.4385114286084457,0,Caution
86,9.468902176222137,87,75,95,2.7644160884915587,0,Safe
134,8.656235633249315,34,51,96,1.1149810870733696,0,Caution
79,9.8048028505386,5,66,42,2.4622921772643087,0,Caution
129,9.693181984924252,49,83,100,3.0619460318108596,1,High Risk
63,3.574436404281246,18,82,120,4.522541315658174,1,Caution
126,1.9437547508965503,83,63,74,1.569835102593418,1,High Risk
113,8.605556225099555,68,79,52,1.8925412261383796,0,Caution
77,6.240697005890827,22,33,26,2.9173583034255177,1,Safe
105,6.770049093561451,31,88,27,1.295548472387194,0,Safe
75,9.244619127389186,47,20,91,3.8465210011696085,0,Caution
77,6.304589600243321,64,80,29,2.450555074792107,0,Safe
111,1.0867424147860438,10,62,34,1.7199158333249565,0,High Risk
110,6.129451811982252,93,63,107,3.210876006333867,0,Safe
108,5.077431456264994,19,96,89,1.7845814751737876,1,Caution
62,9.042449663783831,32,79,36,0.01784613513285238,1,Caution
113,3.16180496908381,50,7,100,3.8782016655174942,1,High Risk
91,2.160127558899183,47,35,62,2.972310306024969,0,Safe
72,7.664036670789789,23,92,116,3.9074863988920274,0,Safe
116,1.2721547415133327,66,66,5,1.3935543632014202,1,High Risk
95,1.4668545621867657,99,30,15,3.2251806899555775,0,Safe
99,5.531603652027903,61,3,61,0.7128849408673343,0,Caution
125,5.365383860097962,95,3,11,3.966724810654188,1,High Risk
133,9.994956710528625,31,41,60,4.4267521386818895,1,High Risk
71,5.260135672448931,46,23,36,0.45506178414969845,1,High Risk
78,3.3565365284224127,2,41,37,4.210879122061243,1,High Risk
103,6.297308589095,31,72,115,0.1538335103748617,0,Safe
71,3.084555281115823,35,88,31,2.673179699251334,1,Caution
84,5.601660739972585,60,30,9,4.383749427589797,1,Safe
76,5.965225835075265,6,100,38,3.372249816292194,0,Caution
91,0.7629240657796654,37,4,7,0.42566494615045136,1,Caution
77,8.346551498505995,91,83,18,0.5384599925509359,0,Safe
101,3.962446008473938,85,60,11,0.005878597018180165,0,Safe
98,0.8922493812185939,84,60,67,1.4717845497597675,1,High Risk
106,1.936606075074876,41,9,85,3.983606398463589,0,Caution
90,7.491460161092083,13,84,26,1.5544095962225712,0,Safe
80,9.688227609256062,29,87,102,4.817108839940076,1,Caution
72,3.5345623217656708,79,39,49,1.5279281571037866,0,Safe
69,2.2732385415479675,23,83,71,2.0360697160942958,0,Safe
101,9.32203280233792,15,78,25,3.3421930283910353,1,Safe
98,4.052606701266745,56,100,27,0.6383234209162986,1,Safe
137,4.928622027745177,48,90,96,0.07717367845062217,1,High Risk
64,8.091260943513847,97,30,98,0.4722735546146878,0,Safe
93,3.621838869771312,81,81,22,2.820762169810598,0,Safe
100,9.428313016151584,22,82,104,1.781941569807045,1,Caution
113,3.6131939894560414,6,23,25,2.9712673545839916,1,High Risk
97,8.307465875201283,37,82,22,1.5149904610739062,1,Safe
131,3.0472030613188528,11,55,116,3.9309754684162397,0,High Risk
110,5.441870160194545,69,11,50,3.7807348778542202,1,High Risk
108,5.354832616244734,82,15,35,2.4667592574874755,1,High Risk
74,3.642722662038067,17,67,105,2.6764645087685057,1,Caution
90,4.386800347163534,88,53,91,2.9537999988357666,0,Safe
111,4.31819788456286,99,91,43,0.7804677423190409,1,High Risk
70,2.3284616553737547,22,79,82,3.6307153820548783,0,Safe
81,4.802484452789601,46,0,27,2.8560496790982617,0,Safe
98,0.6099585339485725,75,76,79,0.9346796830511694,1,High Risk
85,4.003031073503372,32,35,17,4.473284621490689,0,Safe
62,1.6013039800486883,12,64,58,4.658730946081584,1,High Risk
68,9.17803717627392,48,45,35,3.391297205796049,0,Safe
112,4.872062365312737,41,0,17,1.525794334094293,0,Caution
79,5.649212998319799,55,54,88,2.2358132437781126,1,Caution
116,4.1536943255403305,6,41,22,1.80370815728014,1,High Risk
89,6.2626187344920305,53,9,109,0.07566159045087617,0,Caution
117,8.661936748769957,20,7,109,1.3184963551053408,0,High Risk
122,1.8612259889443805,89,31,73,1.181667732179163,1,High Risk
77,7.698503497130721,44,68,10,4.920998519683291,1,Safe
65,5.905772822414082,17,65,81,1.1966258896215658,1,Caution
57,8.007200882195944,52,25,87,2.065076470680012,0,Caution
73,0.46689324141459654,97,59,1,1.0565117280179033,1,Caution
94,4.934998609769287,28,86,33,2.21890116467397,0,Safe
137,9.446069783463837,60,18,25,1.5192946772624238,1,High Risk
81,0.19065541089449245,95,47,63,4.3154887491175264,0,Caution
73,9.17373176431331,74,64,100,4.11053473648484,1,Caution
70,8.026586517149802,64,3,81,2.037677304237249,0,Caution
132,3.7567706652898103,89,99,27,2.3607660852323358,0,Safe
137,1.7335285330290506,31,25,6,2.46323453828951,1,High Risk
87,5.514599916455216,75,52,32,1.2319679967499675,0,Safe
69,0.36580813400615586,56,24,111,0.5360953229292265,0,Caution
61,9.637505436987164,10,76,38,3.2666701837830274,1,High Risk
108,5.00933546959382,75,74,105,3.108396018127897,1,Caution
62,3.225389273163924,63,35,82,3.8315894662800316,0,Safe
103,3.2262610499376665,82,78,6,2.8453991872049347,0,Safe
104,6.910806062316356,65,52,78,4.581937289110828,1,Caution
81,4.294357440154841,71,44,25,3.3681139479344164,1,Safe
118,6.983894053021409,24,81,94,4.016878133610365,0,Caution
102,1.8009469562626401,39,72,47,4.910369808076781,0,Caution
68,4.422039644937843,95,2,24,4.200232146400001,0,Safe
134,1.2375290299841846,54,55,27,0.2415531757303918,1,High Risk
64,3.9122190199420714,17,43,2,0.517595996870166,1,Safe
124,6.532576558122728,42,98,28,2.254244563488912,1,Caution
109,3.82104684406253,44,94,110,2.4173500989869328,1,Caution
139,9.620141545967089,42,89,118,0.7130657900942311,0,Caution
105,9.227875026592503,69,32,20,2.36289230822361,0,Safe
73,4.450601969822437,91,19,17,0.24490631799198248,1,Caution
65,6.730352074461692,42,79,22,1.07354646358689,1,Safe
109,3.718104016505052,13,66,38,2.6237105308057473,1,High Risk
91,5.63901633631546,21,30,54,3.0670820205503313,1,Caution
129,3.0599366924934,50,87,70,3.2581022916385334,0,Caution
105,9.743654370810347,47,2,88,4.05579641403469,1,High Risk
87,3.1244624203084537,48,29,83,3.2711667468599765,1,High Risk
86,5.640968161439117,12,97,42,3.656488477486284,1,High Risk
128,0.4262171886877564,43,3,28,1.3103366465877497,1,High Risk
72,0.9247322433361727,67,30,4,1.9572116871420149,1,Caution
121,8.070246731788325,75,51,102,0.653858211593748,0,Caution
98,4.456557856244322,12,74,107,3.2864906791801554,0,Caution
107,2.9734874698629064,27,56,105,1.4537175317345141,0,Safe
93,1.7057315430777364,94,85,50,3.4818890499353756,1,High Risk
106,3.0344559270779,10,68,93,4.100273602738842,1,High Risk
68,2.2489617062631453,41,37,102,4.086475948189049,0,Safe
78,5.9419307144009315,47,79,59,3.2108686505500312,0,Safe
62,2.98607985761,38,45,23,3.768460822780409,0,Safe
126,0.1301143890930545,80,25,111,2.944997278798051,0,High Risk
97,7.9826985274256135,59,65,1,0.8493281071768582,0,Safe
140,0.07140894209252013,97,93,31,3.11617920785565,1,High Risk
81,3.9558109926767706,63,1,43,1.6149324865201542,1,High Risk
69,4.99966680291007,40,98,109,3.956356438886277,1,Caution
139,6.766195077493297,4,2,7,2.5177412014690335,0,High Risk
134,5.661845521490316,63,80,54,2.116194091454229,0,Caution
55,7.182149320223648,89,96,17,4.042859517200234,0,Safe
76,5.479615858411795,51,40,44,3.8094159811644124,0,Safe
90,5.338068204955993,7,33,51,1.0997146772506445,0,Caution
119,2.109453033098868,75,7,58,4.338025107728264,0,High Risk
88,7.9956278023401115,30,52,19,3.1137699385078714,0,Safe
79,0.9190277849940653,33,98,96,3.9178167161748445,1,High Risk
126,1.214366043144386,90,60,89,2.269800367124541,1,High Risk
86,2.305886357820416,48,21,30,0.10587640066965553,0,Safe
98,7.120930483973915,89,79,73,3.2060161151373907,1,Caution
92,6.89496629807522,84,89,101,0.48321838090586655,1,Caution
135,4.48616054345237,3,26,27,4.80104366779573,1,High Risk
106,5.776018614736103,48,60,111,1.0331591222832082,1,Caution
55,0.1765293273238977,54,48,103,4.437478268857282,1,High Risk
102,7.935818982490661,40,74,50,1.7854419131532906,1,Caution
69,7.364851992156872,58,75,29,3.0071867125721856,1,Safe
58,2.984367295054031,45,43,82,0.3442870773801898,1,Caution
102,6.212503748473806,71,59,78,1.4261489274057921,1,Caution
137,6.582036627620656,57,52,80,2.172567932653222,0,Caution
95,2.1190197383358447,71,34,110,3.813546407478711,0,Safe
82,5.6318619868868875,63,6,97,2.6944524917950763,1,High Risk
77,8.292428936157563,14,86,42,3.8857223808649395,0,Caution
138,2.9183070144975085,60,73,117,0.96777474983889,0,Caution
69,1.8622992253650217,70,22,35,1.705322112223494,1,High Risk
81,8.25006630074207,90,11,74,3.68470702720374,1,High Risk
132,5.469853868170561,49,35,39,4.233410850954351,0,Caution
120,2.074746581396182,80,22,30,4.181764153080058,0,Caution
107,7.2234154147973975,75,70,76,1.8096969413572768,1,Caution
122,7.379467129546269,94,41,20,1.1754894122005477,1,Caution
139,6.871618385486516,3,27,119,2.8157760941205168,1,Emergency
83,7.80286702474527,3,20,7,2.472426223508219,1,High Risk
56,9.221898030151422,34,13,85,3.260135949615753,0,Caution
118,0.2989216212422452,43,24,62,3.1204690751211883,1,Emergency
128,8.719929752596455,6,5,23,2.084126472073595,0,High Risk
111,7.265072462724067,59,50,20,2.2727198698164424,0,Safe
90,8.40132139236326,66,5,108,4.344932235205045,0,Caution
86,3.42468295961724,31,72,76,2.9390877950850665,1,Caution
124,9.523100391871157,92,95,29,2.1409985930442446,0,Safe
76,2.5798765503091348,52,90,90,2.001348288266609,0,Safe
67,4.659137749922606,63,1,3,4.653340666980281,0,Safe
106,0.7369874231814344,87,88,29,0.22627518634881605,1,Caution
92,6.491455663597485,95,53,112,0.3237082930642088,1,Caution
67,2.3462259805662997,44,11,105,1.405576313686805,0,Caution
115,0.49935418544399757,65,28,32,4.689350636624965,0,High Risk
128,4.326388572583727,15,68,62,4.6998956574062225,1,High Risk
89,0.30182672675404754,32,36,4,1.8486114873368964,1,Caution
95,1.1877257406369002,68,7,54,4.332459806818573,1,High Risk
75,3.3802777130679154,78,20,41,4.810990209076275,1,High Risk
101,0.42507074290132674,16,85,63,0.38367494495101906,1,High Risk
102,1.6887776037791602,23,2,63,1.205752154470855,1,High Risk
62,7.5564822215383245,17,83,79,4.076036400465061,0,Safe
108,0.09499929973038279,40,88,9,0.9453957367466859,1,Caution
104,4.928768525789726,21,6,6,3.4134387234054655,1,Caution
134,3.0974962832492703,40,58,19,3.8258518354904063,1,Caution
92,9.886330894129337,55,67,57,2.100605987546653,1,Caution
114,4.174481407081812,1,53,19,1.4063742979315679,0,Caution
102,4.393925834072192,12,85,18,3.7553267330082383,1,Caution
85,4.126471890401624,93,5,75,0.8173950360402987,1,High Risk
112,1.2197476581027855,17,83,6,0.9081464035490372,1,High Risk
101,6.827532635568899,11,7,75,1.2387678683260517,1,High Risk
123,4.568746609683734,59,76,54,3.367242375206537,0,Caution
55,6.645342427595997,98,32,98,4.794374315983666,0,Safe
132,4.097834300289779,61,99,120,2.698692736057806,0,Caution
90,4.745497862691551,34,33,23,3.0905351159250873,1,Safe
77,2.497247491149076,60,48,51,1.9863258506099901,1,Caution
111,8.32536262284304,14,94,13,1.1929094724450247,1,High Risk
76,2.920765204375223,89,87,41,3.0135048882731486,0,Safe
105,8.521127901367608,96,85,29,0.20634791237930994,1,Safe
127,0.999051177483542,12,79,25,2.879254700274365,1,High Risk
86,7.267830677037708,14,91,101,1.3577136284336666,0,Caution
99,2.940548011530569,7,22,66,0.1762930823928449,0,High Risk
63,4.580334181410574,75,87,115,4.308051915410442,1,Caution
55,3.3112129149686655,98,87,5,2.950061791839578,0,Safe
91,6.16413446456396,21,35,102,1.531721098215411,0,Safe
83,2.0769980886887773,68,10,33,0.2950371274610658,0,Caution
69,2.1025882449559044,35,25,29,3.2072819217741806,1,Caution
93,9.235053394683817,66,85,65,1.0579507379518305,0,Safe
115,0.4066615555101427,39,16,95,4.4926005715944015,0,High Risk
117,9.755120234188425,25,42,55,0.601224052783032,0,Caution
135,7.144455205242765,10,63,116,0.10924664432595932,1,Emergency
67,1.157171203902797,79,28,91,0.5730676164887982,1,High Risk
57,2.086143751098797,37,96,38,2.430221652682757,0,Safe
71,4.46630252258746,48,53,99,1.9297643717097757,1,Caution
137,0.4747736741192776,27,72,112,3.5418214436669575,1,High Risk
65,0.33661420559495614,78,86,16,2.1574492553143005,0,Safe
119,5.835979489853029,32,65,20,3.3141405175587932,0,Safe
61,0.6386479807363632,33,11,37,4.098205170751965,1,High Risk
86,9.53219333832638,63,19,20,2.7472519742398065,1,Caution
69,0.23264050419501525,1,93,113,4.357914758369877,0,High Risk
95,5.352338164942414,96,44,64,1.6591033872928185,0,Safe
121,6.961693039857987,52,89,88,3.0934190077051293,0,Caution
70,3.6691213432145418,50,0,120,2.3721680550488786,0,Caution
73,9.49078056042664,3,46,100,3.3790381079277587,0,Caution
91,8.827920728195458,57,75,98,2.3835348296495695,0,Safe
83,4.749859822724734,17,30,98,3.658181451056235,0,Safe
72,9.298942587890856,72,82,1,4.117961843820896,1,Safe
60,1.5464360305928193,76,54,44,2.4420575876666866,0,Caution
69,2.3778014218151853,77,57,95,1.1726198553925848,1,Caution
68,6.964772483884567,77,13,89,4.181356176886328,1,High Risk
121,7.983919188461105,99,34,10,0.19348865860910947,1,Caution
67,0.8516815785637777,100,48,76,0.08468561605020686,1,High Risk
122,3.990157176790421,33,23,34,0.8516089034711122,0,High Risk
96,6.421863421608615,47,14,48,0.4678682804168349,0,Caution
112,6.399644777818326,93,52,68,1.9931924504594323,1,High Risk
72,4.485914763669524,9,85,100,4.360876304050534,0,Caution
135,3.354643571766113,28,46,118,4.59737881894287,1,High Risk
56,0.7513447834760378,71,90,16,4.718843379518704,1,Caution
104,1.3557086546989394,37,66,112,1.406582803310394,0,Caution
99,4.212108369645383,55,46,59,0.5605030641997905,1,Caution
93,6.09671499221974,9,62,50,0.22047025701674827,0,Caution
99,6.099940391618727,1,28,18,4.172590269187851,1,High Risk
79,7.776953724784686,24,84,27,4.615408760410336,1,Safe
62,5.099464246525585,22,34,23,3.4152611299616003,0,Safe
89,3.487399558014015,61,20,98,1.1910378835271318,0,Caution
76,0.9573634846854973,71,43,56,2.0238250445407453,0,Caution
61,8.307634586720603,48,1,87,4.542742099170542,0,Caution
119,6.170031900900991,49,41,85,2.390887636383649,0,Caution
135,0.34614416802947523,90,2,2,1.8735402129533947,0,Caution
72,8.193086375358494,2,72,20,0.033870945192879254,0,Safe
118,6.152800402190555,34,13,99,4.685400300042381,0,High Risk
97,6.6718387042842995,56,54,105,2.2785176927194706,1,Caution
126,7.203955583018052,17,75,98,1.6588659762009788,1,High Risk
105,1.9786764556257053,86,31,72,2.3423305269988877,1,High Risk
130,5.202229688777331,7,79,118,0.2760898015724844,0,High Risk
97,5.081379624074044,16,18,47,2.6461014859543734,1,High Risk
111,1.186540499984029,12,90,23,4.974387326258565,0,High Risk
65,3.751891904676029,42,5,58,4.437844373884321,0,Caution
97,8.422573443610645,32,11,42,3.883892865340808,0,Caution
111,6.37885251063534,6,29,12,1.53475848655714,1,High Risk
108,8.587233281134752,51,66,63,1.7111973025523641,0,Safe
77,8.517764768798239,13,37,117,0.38344307709096526,0,Caution
77,9.981325963733555,72,32,71,4.27440943966225,0,Safe
68,3.8666218768410285,9,32,2,3.105245017448372,1,Caution
95,0.828436071929497,8,96,76,3.23165016050528,1,High Risk
107,1.9869081203042227,74,6,16,4.7572096916170095,0,Caution
115,8.472010138873763,9,55,46,0.2641519560671629,1,Emergency
106,9.481691554760573,12,75,69,4.899040439901661,0,Caution
104,4.629853636910781,69,62,2,0.3277142971822239,1,Safe
140,0.346230272125142,33,78,58,3.973788664841234,1,High Risk
107,2.7358636705505432,76,43,20,0.9073671889641566,0,Safe
140,4.133359763521084,54,53,116,4.74099431463476,0,Caution
131,3.3227387679831177,95,21,41,2.620801918287417,0,High Risk
64,1.3268530735526352,60,55,109,0.3303113874549346,0,Caution
124,9.030093008487093,16,48,50,3.427450318114391,1,High Risk
96,9.310482000276641,49,88,111,1.321378978044292,1,Caution
56,6.915088958124908,22,8,27,2.97622101386944,1,Caution
135,6.833189773828998,57,88,77,1.1160589022737677,0,Caution
75,1.6217212704307105,72,73,44,2.5390155427193477,0,Caution
99,0.7954663498342529,85,44,61,0.8443334066090957,0,Caution
125,4.4342695484199695,6,91,61,0.6713939941934455,1,Emergency
116,4.208770659319835,45,53,60,3.2705650874791017,0,Caution
111,6.051184423367752,56,8,107,2.3968161066835285,1,High Risk
113,0.6451753418750816,54,54,33,0.7408575681470458,0,High Risk
103,3.160622822229194,100,23,38,4.949651891044722,0,Caution
127,9.681969140362547,54,27,34,2.9412039013205815,0,High Risk
78,6.2510798804015435,69,26,95,1.4534174539274796,1,High Risk
110,4.035530927944654,47,52,90,4.974808606067784,0,Safe
57,2.011063051500208,64,27,73,4.560088482234146,0,Caution
87,3.533101095408516,2,72,5,1.6857656003454768,0,Safe
75,1.8328963324251335,89,73,53,0.1905044707636322,1,High Risk
77,9.32739468795568,81,92,116,3.646880544522242,0,Safe
132,6.9695987731284585,92,88,69,0.38604453914069914,1,High Risk
132,3.3464622128848367,11,88,110,4.052322180280814,1,Emergency
131,1.0873551508453305,77,49,27,2.0250714165400736,1,High Risk
118,9.313438745395892,49,21,64,1.2370578572660413,1,High Risk
136,9.492117462761101,33,69,95,3.906067332381096,0,Caution
77,8.102581044327863,65,36,97,1.6547000842763926,1,Caution
119,5.57503428307726,23,10,102,3.218771098774856,1,High Risk
76,1.352216922356776,59,41,83,3.533138746419753,0,Caution
135,0.8973532049630928,79,14,108,3.7271653714800568,1,Emergency
85,2.861705395583154,86,96,5,4.977506854463105,1,Safe
55,9.518810193687328,47,20,48,1.2928958685447238,0,Caution
93,4.4650331172569,41,43,17,2.2399325481235537,0,Safe
69,1.5369179342142814,73,23,65,3.1057797653021106,1,High Risk
139,8.133907180627718,93,78,115,2.0232312218765873,0,Caution
103,7.77858516643387,96,71,74,2.84060562980301,0,Safe
99,7.752095850692665,44,6,65,1.1300604810683716,1,High Risk
65,2.2223464430454634,73,47,46,0.05542439568369417,0,Safe
59,3.9429056600147994,85,43,51,4.913516354668161,1,Caution
63,4.387846205283154,52,98,38,3.138516448488129,1,Caution
62,6.447157903011645,20,14,11,4.842424925806074,1,Caution
75,5.060300105685735,89,25,10,2.4573446102247503,0,Safe
106,8.513056468288214,51,61,91,2.7198808604649427,1,Caution
92,7.736555740198842,38,10,69,0.07083684639307308,0,Caution
70,4.565288558506553,35,20,101,1.9898009895290314,1,High Risk
73,9.976951228262042,32,41,63,1.1808889388416244,0,Safe
136,8.456485063384365,80,75,58,4.547306129358367,0,Caution
128,1.789654437210224,72,60,93,1.206904404905944,1,High Risk
106,7.776517966859807,4,92,24,0.8259713728388407,1,Caution
117,1.8736944830559277,34,41,37,0.3384094101094698,0,High Risk
119,5.832375588705684,26,37,16,3.603626593590386,0,Safe
134,3.9292277301955734,52,55,114,0.7450490441120178,1,High Risk
111,3.1504964860679516,10,89,100,1.5225521942318214,1,Emergency
72,3.7094869973329425,19,5,6,1.4242052921605153,0,Safe
55,2.566458205248402,75,32,116,0.5897865712353451,0,Safe
98,1.971327371004632,52,25,59,0.12772489258700115,1,High Risk
98,4.322197511010821,23,34,37,1.8288495062391026,0,Safe
112,3.264301691600877,26,77,100,1.1287199566157569,0,Caution
110,7.558152077605612,73,35,6,1.9912724181437507,0,Safe
72,0.9382660272959542,50,94,47,1.4635589516829384,1,High Risk
83,5.8918385522439625,15,82,50,3.683576226868908,0,Safe
59,5.83281087360302,17,21,8,3.825179241751549,1,Caution
58,9.707471898402781,51,62,72,1.3455038057673523,1,Caution
56,7.871300278274726,31,63,120,4.469069140013609,1,Caution
130,0.0007000537838264265,50,15,112,3.637011350043048,0,High Risk
114,5.474149941503379,38,33,63,4.518171099653447,1,High Risk
92,2.7696207163305973,95,95,14,2.01466363495552,1,Safe
122,1.420271884763371,20,66,54,2.7290155276836097,1,High Risk
80,8.33605428647568,95,96,28,0.4848081589199216,1,Safe
64,9.163257490931999,54,8,96,0.03183894494551809,0,Caution
90,0.39506799766762857,49,54,117,0.6606455329265953,1,High Risk
96,4.403120563113784,97,10,69,3.3495235224364532,0,Caution
64,2.36637516769026,80,55,116,4.980082062256731,0,Safe
85,0.35086065791877674,99,23,91,3.8040039418321294,0,Caution
88,8.664954612383477,26,66,65,2.3640005624115608,0,Safe
130,0.5793420633585489,83,79,5,0.9926479157868395,1,High Risk
93,8.010415089335064,81,40,95,1.460144287012966,0,Safe
120,0.9107941365010852,76,14,10,3.360359002132941,1,High Risk
75,1.1047255161992409,33,52,72,1.894981402410283,1,High Risk
78,7.816246437611424,5,76,108,3.5693601791785214,1,High Risk
137,2.1312732810143675,80,89,54,1.7158740849550695,1,High Risk
84,3.6113104213488842,74,7,54,0.028329074600725312,1,High Risk
66,8.595322385016953,47,11,5,0.8134475757549198,0,Safe
123,0.3968762433450179,71,62,110,3.8018687931232833,0,High Risk
65,1.077003284824558,41,62,88,4.2714212214568406,1,High Risk
91,6.762372253523471,52,17,9,2.901680432665172,0,Safe
64,8.850503282731374,37,18,78,2.403029601316856,0,Caution
55,2.766294113876837,19,100,66,0.8194133791408248,0,Safe
133,5.365517805819998,55,34,56,3.9347487105633783,1,High Risk
82,9.827578330595902,46,32,76,1.604816028192304,0,Safe
93,0.1582022811978534,4,22,19,1.2562342473359496,0,Caution
135,4.569997384958434,12,64,42,2.022004401043071,0,High Risk
97,4.005677164962666,91,61,91,4.083428830302367,1,Caution
55,1.2681289715571142,95,86,109,0.5768881474385973,1,High Risk
89,2.575485362204545,84,45,92,4.688960255977894,0,Safe
112,8.586528364985666,65,0,16,3.5345127847825997,0,Caution
133,0.13544040749162156,94,18,18,4.615856400230785,1,High Risk
63,0.41199993291670234,44,32,17,3.5947169576236115,1,Caution
90,2.258829287879691,18,50,40,2.665233564272448,0,Safe
85,8.044481260621914,91,0,95,0.10074760940717131,0,Caution
137,9.601485568045868,20,7,22,3.750534821058085,1,High Risk
136,2.1320461424327375,38,33,18,2.8582994480062833,0,Safe
130,5.657034547529167,83,75,100,1.981101851500053,0,Caution
55,8.19148378250376,27,98,9,0.19742222309738544,0,Safe
90,4.748725459302431,95,93,102,4.347250405819565,0,Safe
60,9.187872935305753,10,80,78,4.029884288992464,1,High Risk
81,3.2856827559961954,19,87,110,2.5302463780192577,0,Safe
59,4.014100412074148,38,23,89,0.5982769845002656,0,Caution
84,9.567669869502744,34,35,71,3.7853808268043707,1,Caution
89,5.123838687930896,2,8,38,1.4870116053440068,1,High Risk
140,1.4541867790272478,26,0,96,3.118378694313847,0,High Risk
126,9.508473433149604,43,17,27,0.18030397004627163,1,High Risk
123,5.539790716619212,79,57,79,3.385984536951185,0,Caution
61,0.8723863184422032,52,36,81,1.0835860939740327,1,High Risk
56,9.349321404712965,65,81,2,3.2294650992351697,1,Safe
119,5.179698024872579,84,66,18,3.5099078718400283,1,Caution
104,6.035187048101987,100,62,55,2.9134002770959793,0,Safe
92,7.335518855725013,24,45,116,3.360654033524046,1,Caution
78,9.715751128591338,46,8,85,1.173079560238674,1,High Risk
71,8.933166622500337,58,64,108,2.658578113270975,0,Safe
69,4.238268764931642,93,13,8,1.7922423045636497,1,Caution
64,6.857131048333729,71,57,26,2.902246926994063,1,Safe
100,5.5119698549275755,94,9,119,3.8077300305668316,0,Caution
101,6.999159442813456,94,75,112,1.4454381090073083,1,Caution
127,6.291401124822865,98,12,78,2.748252130345205,1,High Risk
62,9.90085233054814,58,50,89,0.8378952742956663,1,Caution
123,9.139085320883392,84,64,119,0.9588225654656735,1,High Risk
89,8.430084430470817,87,44,12,1.8388440838125524,1,Safe
56,3.415570279747394,19,18,108,4.258546216796273,0,Caution
118,4.849805567399599,85,87,108,0.9234683676619532,1,High Risk
98,3.851480271325516,39,11,65,1.9159978908197912,0,Caution
102,1.8812914723185559,61,63,4,1.6738056037717297,0,Safe
140,4.575347396561198,84,92,19,3.5180538262181353,1,Caution
70,5.349948075027911,35,59,37,4.734848683821763,0,Safe
113,1.9963828236569803,91,36,112,0.6208016787458909,0,High Risk
121,0.3946728822094736,10,50,54,3.5754969889546686,1,Emergency
97,2.8067119393448925,97,31,31,1.0270430797860397,0,Safe
64,4.306276137950146,36,28,67,1.9212763731777067,1,High Risk
58,4.757460298235231,86,61,9,4.699301531626861,1,Safe
66,9.630539115500552,44,48,13,4.372022902105118,1,Safe
60,4.538517596054446,38,31,43,4.797520165697154,1,Caution
101,9.478947325466962,84,82,110,4.2925056155047985,1,Caution
88,2.467118078733362,90,81,98,2.287863079183608,1,Caution
74,0.020833763288992113,79,50,54,4.180441390385704,0,Caution
136,9.635690126609015,55,98,14,4.742847044923572,0,Safe
69,0.5178307276560379,40,9,33,3.964461047438759,0,Caution
140,0.27950393099024695,75,67,43,4.82874576163871,0,High Risk
87,3.3336883975637432,17,68,32,3.012154589342024,0,Safe
89,3.378604179690007,31,71,21,4.10690975844522,0,Safe
138,7.195540847109467,40,0,64,3.6576324960783735,0,High Risk
120,2.328029893942576,62,47,39,4.403306402082173,1,High Risk
100,3.683901636182667,76,64,71,2.3224478598441722,0,Safe
137,7.689572414418814,27,75,96,1.083715927485978,1,High Risk
67,1.4581192493661943,53,62,23,1.800066112721788,1,Caution
137,4.241543086342308,45,51,26,2.3224495225532253,0,Safe
118,5.608448132215804,22,77,22,1.4037031837377283,0,Safe
67,1.856374371938968,47,14,70,3.00682296910232,1,High Risk
76,4.46552965944368,90,81,19,3.382994505206435,0,Safe
61,7.756641856241744,21,4,72,1.6648071011435406,1,High Risk
62,7.674535340411783,98,31,15,1.3677663373950537,1,Safe
60,8.202217472051668,64,94,108,0.3891922250234092,0,Safe
101,0.2057781033626216,81,17,45,0.11395105923032389,1,High Risk
78,1.5071943030774593,45,3,91,4.940948216192198,1,High Risk
65,3.078357512351,42,87,55,3.586763726768132,1,Caution
129,2.6624898550181033,53,97,94,2.134833714695035,0,Caution
92,3.466678235752446,81,94,89,1.6628217042357445,1,Caution
139,1.6123454121804093,25,13,91,4.589851289427505,1,Emergency
57,3.129906490406084,59,96,87,1.1638103879423267,0,Safe
66,3.1201913015905305,52,49,70,1.4712739779708932,1,Caution
81,1.562604371021462,48,57,30,3.93132329451908,1,Caution
129,4.424065957190168,46,66,30,3.990261952921106,1,Caution
96,9.268120660169782,6,56,21,1.044031394754109,0,Safe
61,0.5555551089730892,78,73,32,0.3843631910351203,1,High Risk
82,4.63103129146342,69,17,17,4.695794304062449,0,Safe
98,2.9949376627952717,65,6,28,4.5483745335367205,0,Safe
109,6.067459568730728,45,87,42,2.2126469293477125,1,Caution
121,6.5887314117379905,70,77,19,1.6712416246835486,0,Safe
55,2.645177196818671,95,15,8,3.2920433426188858,1,Caution
135,5.880939309607153,80,89,117,0.09820082667605146,1,High Risk
109,6.00946254477882,76,38,24,2.664051136617998,1,Safe
96,4.8856084757745455,54,44,23,2.2676917005067523,0,Safe
134,5.984871118037162,85,72,92,1.1817270477337605,1,High Risk
117,8.655825680029384,14,23,49,4.007171417070713,1,Emergency
100,1.9959624114662389,99,81,39,0.629581819441874,1,High Risk
123,3.44207067205088,71,73,100,4.154165346396994,0,Caution
58,0.3962431364776664,98,96,72,4.982118471283144,0,Caution
82,7.567872792987186,77,73,64,4.855269275217299,1,Caution
73,1.0011601009822724,44,12,50,2.698714722458471,1,High Risk
130,3.9524654629728317,100,85,52,0.9269709660276687,1,High Risk
82,6.84182136380755,84,61,44,0.6306015289212769,1,Caution
123,6.743042699775696,89,42,40,0.877952156411877,1,High Risk
79,8.316267840818817,82,20,93,3.3174917758484495,1,High Risk
70,6.50962716245782,29,81,13,0.0893294344782608,0,Safe
103,0.11013641148645448,38,13,82,2.8406295802562536,1,High Risk
61,2.1112101336149625,50,69,54,0.9743925421496091,1,Caution
91,9.746211552185496,23,5,111,1.8717927914889476,1,High Risk
124,8.066317013840427,21,82,52,1.8972745371329864,0,Caution
114,2.6592553874508438,69,78,34,3.5353568506655986,1,High Risk
105,9.107232642198474,15,90,18,2.6775488571944273,1,Safe
84,9.933483712086769,55,75,98,1.4361366652725083,1,Caution
81,5.18174597795125,63,97,23,3.1889254247764596,1,Safe
70,7.804825516848953,31,30,30,1.99666285336766,1,Safe
136,8.509413657467288,26,21,54,1.2770493959961404,0,High Risk
76,8.214641458227394,85,25,44,4.282212797311653,1,High Risk
57,8.355750849798593,85,15,21,1.0182269772434878,1,Caution
133,2.8541561249075786,95,42,23,2.533368002646315,1,Caution
57,8.415597907772858,85,82,72,0.8790762145772657,1,Caution
108,3.58073194642666,89,71,64,2.9309445872742437,0,Safe
79,7.7880596777724875,10,83,12,4.949475424122209,1,Caution
138,4.776548141587952,90,21,47,3.3702265322554052,1,High Risk
135,4.283541055018331,22,98,105,4.789248748584848,1,High Risk
108,9.797563390001564,69,1,102,0.3483216302529196,1,High Risk
111,2.256147011190588,73,45,119,2.499329300377731,0,Caution
125,8.16966370201467,26,88,90,1.5774086118474973,0,Caution
140,4.67027106088215,64,70,54,2.1283751872631287,1,High Risk
108,0.9390171703899952,31,34,65,1.7421721536333274,1,High Risk
93,6.3208914261131035,36,86,14,2.670761540488466,0,Safe
65,0.5657734602206721,12,88,46,2.5936263008915033,1,High Risk
79,2.661907114567917,10,0,120,0.5486572820230373,0,High Risk
140,0.004800052026616708,80,3,33,2.866977623943459,0,High Risk
69,1.6006018104897668,41,37,52,1.0728264542303234,1,High Risk
55,1.6842312972760365,47,87,25,0.1364291827821107,1,Caution
117,2.8322821993512304,86,20,35,0.1060405280622545,0,High Risk
56,6.951811864355994,31,92,9,0.7391455721223777,0,Safe
89,4.0111194870921025,81,84,16,4.4908136336803715,0,Safe
103,3.2166327429120187,56,93,46,4.284898081333844,0,Safe
89,5.600990978122087,67,49,41,2.957342771943658,0,Safe
113,7.3972064792273775,69,100,29,4.08524594978383,0,Safe
110,7.019723010296542,87,26,43,1.832544012580421,1,High Risk
65,1.2939834490123736,59,5,83,3.594084798690917,0,Caution
131,8.307634679369432,95,77,25,3.5112625299599642,1,Caution
119,3.622877015071184,58,30,111,0.8953561551947425,0,Caution
115,6.0106974759141885,42,1,68,3.6735598854524083,0,High Risk
121,8.321374570348759,93,78,75,1.6613621962067282,1,High Risk
55,0.5871390275652832,85,30,24,2.1480616675915583,0,Safe
85,5.5498521619238,45,23,17,2.928279435794934,1,Caution
124,6.182892595146946,70,72,61,1.6988270372220027,0,Caution
95,0.3849126656797808,90,20,110,4.299874577466288,1,High Risk
94,9.309765875882373,74,56,37,1.2198250909160202,1,Caution
86,9.439092394196182,8,22,14,1.461154055040521,0,Caution
129,2.6864940700151196,80,97,22,2.0808066021122835,1,Caution
118,0.7087600491315238,57,80,91,1.9792538918253844,1,High Risk
106,2.5863700724155803,96,4,57,0.3621435190041028,1,High Risk
62,1.5943384639207692,89,40,89,0.10636434450727372,0,Caution
127,6.97843425763835,48,69,92,4.034975293113762,0,Caution
88,1.8256730836401047,78,35,22,4.3044887821690505,0,Safe
122,0.19297161609948876,43,39,20,0.37308464894693527,1,High Risk
78,0.07536569558234119,26,10,51,0.6565848322823242,0,Caution
57,1.1120374900590613,63,36,26,4.746210724933332,0,Safe
138,6.171759370227919,90,16,49,4.1967601479607906,0,High Risk
134,4.708075850020253,8,86,98,1.2982933772998688,1,Emergency
93,4.865040122591876,11,22,27,3.873553229052616,0,Caution
111,2.1467558898178773,29,30,91,1.4301758602437005,1,High Risk
121,3.2990633951083526,98,16,3,1.6305188113986295,1,High Risk
136,4.060041716147507,22,80,111,3.3081360124590846,1,High Risk
74,5.22488391766864,53,86,114,0.0893771265393245,0,Safe
112,4.5124063132942585,29,64,76,4.704192275020999,0,Caution
58,0.21297589785658988,50,28,102,4.099142768685407,1,High Risk
90,4.333577342575131,85,18,8,2.7039313817599853,0,Safe
105,6.5201229896630775,49,32,12,0.614263560289045,0,Safe
119,8.478131534269998,49,33,32,0.8624082386101822,1,High Risk
81,2.3053706274823957,88,44,9,4.189699008307834,1,Safe
105,7.5835622418666615,42,88,81,2.974711977415265,1,Caution
114,9.762136222333643,42,13,89,2.0659095081356558,0,High Risk
98,7.739031580773377,18,70,37,4.478299382777292,0,Safe
57,7.709035494504308,87,35,1,2.6939717830638523,0,Safe
80,0.19239029650103268,53,94,34,2.179227847018707,1,High Risk
119,9.288434960732312,82,26,107,2.783303040005242,1,High Risk
80,7.284093826748917,81,95,37,3.868379740879149,0,Safe
98,4.140560225465245,90,23,18,0.5244237099816756,1,Caution
88,8.179415469032154,3,6,118,1.4641565998377903,0,High Risk
112,4.821955532238919,33,80,10,0.09243461907743278,1,Caution
104,0.46510613282203517,8,67,93,2.7289578862764063,1,High Risk
69,2.817905656382773,73,90,51,1.496420334710053,0,Safe
65,9.290779566294695,14,31,68,3.8161271695834635,1,High Risk
101,2.5234954468589335,86,11,77,0.9655261852791458,1,High Risk
130,4.465615066511129,64,54,96,0.3232640156013733,1,High Risk
78,2.9081611837164454,94,98,7,1.5729364994756767,0,Safe
78,5.012531830805149,6,20,58,0.2483548619443099,1,High Risk
58,2.1450148426866242,4,14,2,4.778138150188172,0,Caution
57,6.2313344160729915,33,45,106,1.177259450953576,1,Caution
72,8.623253682135175,76,11,60,0.7586585041664562,1,High Risk
138,2.6414702110739396,69,7,51,2.5170786651740427,1,High Risk
114,5.899235278793908,65,49,106,4.4297041612214825,0,Caution
129,2.249970605456216,59,86,76,2.082944999840949,0,Caution
56,3.197872208990231,14,8,70,3.497365817250575,0,High Risk
60,0.6321832900267232,25,51,108,3.0774456079057346,0,Caution
114,1.3496148942412212,11,90,115,1.970280305538605,1,Emergency
140,9.462692365193545,32,52,102,3.811066055113251,0,Caution
75,0.15847863495475067,74,74,109,2.067732131134501,1,High Risk
61,4.109538483946547,39,91,45,0.8360793516105958,0,Safe
92,8.35446950124531,59,72,43,0.6283524725669221,1,Caution
93,5.13286388133722,40,97,78,2.2241217217932925,0,Safe
103,0.5200135975395836,28,42,65,3.1013476034569267,1,High Risk
100,9.233242335465745,86,80,96,0.9080484473360811,1,Caution
121,4.418308693834538,97,28,12,3.63684644488779,1,High Risk
107,2.6745808324963094,7,72,45,4.908244028465646,0,Caution
67,1.8960221507545683,41,30,41,1.1982430248496445,1,High Risk
107,6.224100169370735,8,97,120,3.2034849693500282,0,Caution
129,5.024525669479452,29,46,29,4.848953313297833,1,Caution
115,9.012602745655213,47,78,111,2.789506797531471,1,High Risk
132,7.654180319427177,79,13,46,2.4241481702361463,1,High Risk
80,9.207785945562124,51,30,106,3.0276699373276363,1,Caution
65,5.083422415320404,77,100,38,1.1493939089151994,1,Caution
81,9.56247771729479,81,93,22,0.5837222045028767,0,Safe
61,1.6682991398189617,85,75,14,4.038292668424539,1,Caution
128,0.670905325006177,2,9,62,1.3373736340966031,0,Emergency
79,7.10229188812168,18,84,10,0.4313812559286051,1,Safe
138,0.6490894489693377,58,59,87,0.4255751601716795,0,High Risk
92,8.90552419464569,31,13,47,4.752817302929131,0,Caution
129,7.0538956238965955,58,45,13,0.7649865354225177,1,Caution
139,0.6394510152149602,75,46,108,3.5138936493224513,1,High Risk
130,6.487074152472397,84,46,110,1.8031313283794392,1,High Risk
130,9.369784874732417,21,32,18,2.62282265765466,1,Caution
130,5.708869400796192,90,89,32,0.3573370470476356,1,High Risk
56,4.5436991069037695,50,98,46,1.8063978132017993,0,Safe
78,9.274762352432509,33,58,98,1.2850413069795503,0,Safe
95,4.749384457002686,38,35,61,3.8677962338800564,1,Caution
123,6.7567304114228275,6,65,44,3.6084765151268208,1,Emergency
99,8.999740850550666,85,76,13,2.138499369061112,1,Safe
91,6.5854161625770224,31,54,105,3.7951902696775504,1,Caution
81,0.10643359451597001,11,82,55,2.1785287799466575,0,High Risk
69,0.5390589988685046,96,94,23,1.234383960432378,0,Safe
92,1.6795494117408694,32,38,105,3.448041180408497,1,High Risk
122,5.65880544179903,23,86,57,1.4345844369255416,0,Caution
71,6.875600603732725,3,88,26,3.815917454431517,1,Caution
134,7.4727808725833675,36,53,5,1.9842209031938274,1,Caution
128,2.2430973433858803,51,55,16,3.690005055709689,0,Safe
108,5.610654000747656,87,2,85,0.9427075513181277,0,Caution
131,1.67986832772542,82,20,6,0.916179220335544,0,Caution
76,7.779413590353404,59,12,107,3.441268977638754,1,High Risk
134,2.994883055448103,23,98,100,4.865574922335945,0,Caution
93,1.1960663928405402,61,32,99,1.080993312984898,0,Caution
88,9.430521365428973,98,80,89,0.9726664672266561,1,Caution
85,8.671087841599562,38,88,112,0.479623145335199,0,Safe
66,8.822065294912164,93,29,4,3.044245797140797,1,Caution
116,1.6904078105498044,5,98,65,0.5941039226545197,1,Emergency
140,1.98754733375482,68,65,70,0.47320705270280816,0,High Risk
66,0.028721980166178662,31,47,76,0.16159712906752555,0,Caution
58,4.189247947547935,51,100,71,0.29526117896279236,0,Safe
139,2.675449811955847,46,50,101,3.7016632156060703,1,High Risk
107,0.19675098178251527,73,70,31,4.3714381638965865,1,High Risk
102,4.411148066494488,19,95,84,3.0525641570779753,0,Safe
79,7.95289223553725,66,63,89,1.3884973380844912,0,Safe
74,8.167190577177282,86,51,74,0.16311978578611108,1,Caution
78,5.849803753262654,9,11,65,3.1626589840224426,0,High Risk
85,5.71292027309715,30,53,66,1.302707161546421,1,Caution
83,6.919296554481785,60,59,44,0.4202847173646962,1,Caution
78,4.108308859731908,88,98,83,1.4043096677483724,1,Caution
64,9.04934732007517,43,70,15,4.215691155838433,0,Safe
71,9.974864135825836,48,86,116,4.141170461920362,0,Safe
98,3.161652729128237,67,8,12,4.775934104925923,0,Safe
110,7.591954272948022,39,13,5,2.2458637251888165,0,Safe
96,7.719148645746573,83,91,66,0.38991571705209616,0,Safe
140,7.984090764418948,98,44,62,4.886691694278414,1,High Risk
80,8.589860581365757,25,67,75,0.5423948611678159,0,Safe
91,5.746825244328831,67,71,37,4.841589575520483,0,Safe
113,2.011518264411839,99,86,77,1.1028100421968605,1,High Risk
131,8.480970765008424,96,69,92,2.209945624411903,1,High Risk
74,7.024990105531477,47,20,9,2.045680969530706,1,Caution
138,2.9726543348692456,90,8,113,4.181342549911254,0,High Risk
73,6.918776149116772,61,91,79,4.854365160918793,1,Caution
122,9.699492434888136,58,96,26,4.555285865642305,1,Caution
104,5.932760907030517,28,69,2,3.3211554995456694,1,Safe
135,2.667553821487032,14,56,36,4.736139154506629,0,High Risk
83,2.07184739266148,11,1,118,4.091897739193281,1,High Risk
65,8.310975826063213,32,21,99,0.4104630742816684,0,Caution
84,7.783552622906398,83,11,56,2.721697678147836,0,Caution
58,8.371972979763365,49,19,55,1.9860192886070442,1,High Risk
83,2.868420613860563,47,82,68,1.3638767139471648,0,Safe
56,3.5598852096947597,61,39,10,0.8740540784636353,1,Safe
103,3.8785110853290536,55,60,69,3.302033776942237,1,Caution
128,6.485446472383671,48,54,30,2.0371908030623915,1,Caution
69,2.00018994855676,98,85,98,4.560453005205353,0,Safe
92,8.029355318596261,32,13,50,0.9124324573992643,0,Caution
103,6.965191157289958,73,23,97,0.1538137584812993,1,High Risk
122,3.9201525509046142,20,33,20,0.8763221058295317,1,Caution
67,0.8674594382175016,5,93,111,2.0497743606624654,0,High Risk
81,2.3872113395780126,5,81,109,3.4943741194875155,0,Caution
127,5.5047093680279415,83,44,87,4.17207425095391,0,Caution
78,9.867495413923923,41,65,5,4.151909718009119,0,Safe
63,6.512972915834511,100,89,43,4.00697569352083,1,Caution
70,0.4041543172177964,98,99,56,0.7248722868067253,1,High Risk
69,7.475002276954752,16,43,37,0.7667558162578503,1,Caution
139,4.92032588645983,33,31,65,2.4032349633041994,1,High Risk
130,2.227861273795626,40,32,28,3.5940151091622683,0,Safe
117,0.8358961870247339,25,68,39,2.3462624083590953,0,High Risk
67,9.789875595992276,4,31,99,1.3382945941823332,0,Caution
87,2.206017447011517,33,66,58,2.488574546376267,1,Caution
95,1.9776367337572098,33,75,7,3.1601173446329582,1,Caution
93,6.57045155046127,80,34,100,3.650838735599865,1,Caution
56,2.5899191364385086,39,30,81,3.158993769932594,0,Safe
63,7.37211121647322,19,56,86,3.2227645051962828,1,Caution
85,8.918892145631743,20,19,45,2.588241558225138,1,High Risk
55,3.695356250441455,20,93,89,0.924838618305025,0,Safe
80,0.15675923176302953,35,30,77,1.61503489165156,0,Caution
72,1.8037885963343925,56,37,61,2.7656639355710375,1,High Risk
102,8.827693586475814,86,41,120,4.444686687855502,0,Safe
123,4.31324313044002,87,86,2,3.6745490644927576,1,Caution
90,4.222804378327507,47,79,28,4.069086283435717,0,Safe
90,9.971896995837032,86,32,76,4.386642881502817,1,Caution
110,4.249010478218146,17,21,103,2.8032414994449,1,High Risk
114,0.13565711730089802,74,51,106,1.760899039019979,1,High Risk
102,2.010167134460721,50,32,77,4.610416000484087,0,Safe
124,2.4363726915042183,100,56,105,3.6956225074688582,1,High Risk
138,1.544215260450028,73,99,47,3.8141560598619595,1,High Risk
112,4.509599813615292,80,53,9,0.4514846869678846,1,Caution
110,2.3180947957077205,80,40,66,4.582261706907454,1,Caution
73,7.166177628584821,82,99,85,3.509051083183259,0,Safe
104,5.093457257784149,28,58,94,1.3806763008337042,0,Safe
123,5.335566917393191,89,3,55,1.5959881485947724,1,High Risk
96,1.6334102384434646,14,38,98,3.2669966915739,0,High Risk
61,9.415065219973382,78,71,19,2.031469498999663,0,Safe
120,1.659728251665048,4,43,118,3.4708877879790796,1,Emergency
133,4.132183752391487,30,39,31,4.4137371081491095,0,Caution
108,6.010693683189668,3,96,114,0.1508853821950451,0,Caution
93,4.513263819246499,43,22,91,0.4039317178782925,1,High Risk
127,8.045063757301048,11,46,99,2.760059049916788,0,High Risk
94,4.105986726393692,40,87,81,2.0230579283147927,0,Safe
138,4.80640487033037,62,72,80,4.470973823229444,1,High Risk
140,1.1958776099578816,68,74,6,2.1909238088980967,0,Caution
129,9.680434660534027,54,51,65,0.40184966041553305,0,Caution
63,1.5502317536132415,3,73,56,0.6675790023584988,0,High Risk
136,2.705417862623949,1,71,93,2.3743632014591527,0,High Risk
118,4.768502580427517,17,98,46,1.4016508405153165,1,High Risk
125,1.215214749378647,42,89,23,4.619418971316821,1,High Risk
97,4.1833730825056605,47,27,63,3.7515943070510187,0,Caution
124,0.8913018756491831,70,27,15,4.374661201223945,1,High Risk
99,7.791635146340297,95,75,114,0.47148991719647093,1,Caution
122,5.2579494391396775,51,74,9,2.887060026712864,0,Safe
96,2.184573824969008,79,87,89,0.8747182665144554,0,Safe
82,5.316378659384283,70,29,116,1.5060499392993139,0,Caution
71,6.06200664093413,39,14,1,2.822251224531249,1,Caution
119,9.273064857176808,62,73,59,4.078428053804657,1,High Risk
117,3.181661661331592,100,8,83,2.2580206325731167,0,High Risk
89,3.2539252691301304,74,16,4,1.003030824887074,1,Caution
93,2.2321891159833687,98,24,109,2.498436031298936,1,High Risk
124,1.4852578387159487,56,69,101,0.2847209721791877,0,High Risk
126,5.691260699861824,60,58,113,4.169720799988835,0,Caution
107,0.5742577120988712,36,79,81,3.338977819658384,1,High Risk
139,1.660726157138005,55,96,59,4.170889005675705,1,High Risk
59,1.2664976225774438,48,58,92,0.3018521742205599,0,Caution
80,1.9987981391521015,25,87,14,0.7427347830276115,0,Safe
102,4.073125378332529,47,1,25,2.528213245989772,0,Safe
102,3.1262538981686285,34,0,32,3.452822074024752,1,High Risk
140,6.69717599358687,89,77,60,4.479072030686752,0,Caution
92,3.2504516687120266,48,50,30,2.064877846396259,1,Safe
84,3.97008830089011,48,76,81,4.9320932919752645,0,Safe
136,7.458538248372209,34,67,80,2.53178315400479,0,Caution
126,9.050459654338866,56,74,112,2.0410934716899067,1,High Risk
88,3.8950739604209628,15,46,72,0.29585918553877655,1,Caution
71,6.154333935031856,100,53,44,2.4471470990493946,1,Caution
64,5.096154308805386,70,54,102,1.4883610649610342,0,Safe
91,9.86265821280735,33,97,81,0.10874109919677744,0,Safe
90,3.5454832048230944,84,52,72,2.2618952763734788,1,Caution
116,3.608320092392167,40,81,57,0.3998386468945675,1,High Risk
125,3.6935799439529537,83,87,22,4.852506462690042,1,Caution
71,7.126748968443824,64,14,5,0.7672964247387692,0,Safe
60,9.979443052569406,95,31,76,0.8045981082577308,1,Caution
112,7.333435558472111,46,46,19,4.582222253353666,1,Caution
73,7.417146105662576,70,84,80,3.4375144974257776,0,Safe
116,2.467480582570132,96,97,114,1.94157020072848,0,Caution
108,2.714951527936589,77,100,24,0.05506841104549187,1,Safe
134,8.418398221428452,88,63,43,4.187586636299017,0,Caution
104,4.73179560490547,14,62,109,0.9338125249811929,0,Caution
91,3.2058248430901672,23,52,102,2.857482916210781,1,Caution
115,6.683101626737886,9,100,20,4.881462898712346,0,Caution
112,4.499227238976758,13,30,22,1.2789319388747944,1,High Risk
95,2.6563732176895396,56,39,8,2.1161738371084797,1,Safe
81,3.0999394365928024,29,20,104,3.411253019870934,1,High Risk
70,8.420426602090059,14,29,67,4.597061758772591,1,High Risk
98,0.5268232866928357,80,57,78,4.060543727019282,1,High Risk
81,2.1008384794702675,19,28,55,2.2609375441151593,1,High Risk
82,8.472277479222054,85,16,8,0.7476906737646893,0,Safe
125,2.6977477470531097,39,6,9,0.6692348887182326,0,Caution
93,0.6607667893222624,61,23,22,1.521903186977276,1,Caution
65,0.7563877875198743,90,23,66,0.7256958596828073,0,Caution
140,5.509498697217634,60,83,36,1.7289057561645815,0,Caution
111,5.765077849288004,15,76,104,0.10597676497612618,1,High Risk
121,5.629747615973893,100,69,55,1.3058036060921148,0,Caution
128,9.014444961367387,15,34,92,4.064144741417628,0,Caution
128,4.580879196162878,18,92,18,1.5443423283860542,0,Safe
132,6.867138152890214,54,42,47,3.86588268197104,1,High Risk
101,3.7512090761938266,96,68,62,4.537395748610995,0,Safe
85,7.912359960762506,39,87,55,4.63884815471407,0,Safe
87,7.4506341753330405,94,17,62,1.5722406240885238,1,High Risk
71,4.932463428509703,3,41,75,2.385255052612229,0,Caution
78,2.621654083414471,53,72,50,3.150115334386918,0,Safe
111,9.262317365211658,47,91,42,2.2453002545814154,0,Caution
130,7.897032979394039,72,93,116,0.8769219909417791,0,Caution
123,6.355313507305372,17,92,13,3.872250677794547,0,Safe
101,2.2934368862271945,24,0,42,3.2469919284634416,1,High Risk
59,5.2367998781225875,80,85,102,4.022243672211372,0,Safe
119,2.105276209084699,81,82,74,3.508070746985874,0,Caution
66,9.393605753425005,65,38,34,3.123096911352503,0,Safe
70,3.4418730323007507,47,82,10,1.573494261866069,1,Safe
114,1.4624557290107187,78,97,2,3.940931706941112,1,High Risk
98,9.535122152279053,51,98,24,2.662170162850264,1,Safe
64,8.778371332667481,39,52,7,2.954424689551108,0,Safe
55,8.888276189773821,63,32,109,0.7237429791870753,1,Caution
112,3.817885364020357,32,64,15,2.260721109074073,1,Caution
101,0.8289164251779035,87,8,3,3.437224037298287,0,Caution
138,5.072719747117954,15,89,15,1.7043664171724977,1,Caution
101,4.661929779032823,75,89,3,2.700086658386101,1,Safe
134,4.638213555138363,42,32,30,3.1152129680464213,1,Caution
59,3.0680846543955456,90,47,116,1.3842997649362259,0,Safe
83,1.0009704761416194,75,6,46,2.776098724407671,1,High Risk
107,1.2373918653773752,57,69,6,1.3702856518580782,1,Caution
75,3.5972536886488546,46,38,57,0.46866524312532354,0,Safe
121,4.416173239215361,28,49,56,0.21774673968934566,0,Caution
60,7.910425870212217,53,20,80,4.528985082200259,1,High Risk
103,8.260855459387512,1,67,90,1.0948266420231223,1,High Risk
101,5.9297957003591275,50,23,49,2.9724499612147435,1,High Risk
129,5.665870001820265,44,6,2,3.3917343795047143,1,High Risk
132,3.2420985686252326,2,12,109,2.8823324458288537,0,High Risk
81,5.142781907671353,5,24,77,1.867498977145325,1,High Risk
96,0.9359264228668474,33,14,52,1.7551155547756276,0,Caution
93,9.518610907317797,12,85,102,1.4704790241780903,1,High Risk
87,9.076827146965538,43,18,78,3.711425245762308,1,High Risk
73,3.489832738161377,4,17,41,3.0871898496838885,0,High Risk
71,1.7505401192008208,22,56,61,4.364675347625358,0,Caution
57,4.274693145587685,5,27,113,4.1600726471246965,1,High Risk
55,3.991346826052451,23,27,91,2.5246957012045703,0,Caution
111,5.865379000946768,30,100,85,3.3713338505600743,1,High Risk
72,8.153795984811111,86,57,18,4.675848720530468,0,Safe
64,6.6466968150141215,24,97,26,4.884412952851526,0,Safe
72,2.436635525462708,2,25,83,3.971935064849836,0,High Risk
140,4.286550867815424,37,35,73,2.718878588255041,1,High Risk
89,5.771453980926754,2,9,75,4.538561589028835,0,High Risk
127,7.6044334212198645,80,46,50,4.401519189693148,0,Caution
71,0.36503276313037847,49,58,24,4.587449557525049,1,Caution
78,9.875411351727863,41,31,104,3.90240514311179,1,Caution
108,3.984722152885208,50,48,6,2.4400952516672203,0,Safe
65,3.874921106898582,99,1,84,2.6754413048825003,0,Caution
80,5.799790077075988,69,64,82,2.3660717738385735,1,Caution
113,4.714288323743415,16,61,4,1.894906325670664,0,Safe
107,6.1381023014432055,53,95,52,0.8175026343594416,1,Caution
72,5.141485700528779,94,28,98,1.8861333991740237,1,High Risk
116,5.025433809154397,24,5,34,0.5081353945914246,1,High Risk
98,9.33875485750386,14,62,54,3.577663237409274,0,Caution
98,0.627230065822294,46,63,40,2.185387827974065,1,High Risk
124,2.2142073649550253,97,97,48,1.4317828500844787,0,Caution
78,8.551266600388928,44,100,113,1.6322882248886972,1,Caution
112,9.665107296259986,33,97,106,3.937661078065701,0,Caution
108,2.428594761151376,36,13,28,1.3115715765535958,0,Safe
113,4.971133855689422,29,81,47,3.1076662655184473,1,High Risk
85,9.26974653519746,98,23,76,3.6977396046513067,1,High Risk
138,8.002581068741456,18,35,59,1.6955934809716922,0,Caution
110,1.268557647309858,50,83,23,2.2501029332798446,0,Safe
61,2.2088342786602357,73,74,25,2.229553328492364,1,Safe
115,3.1135146688440885,35,34,109,1.4350078725097726,1,High Risk
128,0.4094323180462689,19,43,73,1.7326528490281952,1,High Risk
114,0.8647554392841439,86,87,9,1.1927468073146152,1,High Risk
125,7.505672626123988,67,61,26,1.4358565213942442,0,Safe
72,1.4445942314502103,86,83,69,3.0251964159012545,0,Caution
69,2.3947188644808293,97,23,99,4.6943763649485675,1,High Risk
130,5.552183563631098,37,8,1,1.9456768393452573,1,High Risk
115,8.937597492034811,89,53,79,3.010393581925018,1,High Risk
64,4.199406579032029,24,8,48,2.847496606358468,0,Caution
74,8.186447248236274,28,35,94,4.7763192453393515,0,Safe
61,6.7696293808442025,52,10,101,0.6275334787512171,1,High Risk
87,0.32897579948888644,66,79,109,2.6773054372742973,0,Caution
65,5.497857681382636,20,60,75,1.0101869457767954,1,Caution
113,6.304078265022913,19,67,102,4.585057410409649,0,Caution
125,3.1275026628548575,32,49,120,1.872232955441765,1,High Risk
93,2.4625995600827197,51,23,37,0.15344177299962347,1,High Risk
71,6.759502662120167,74,56,58,0.7288361881276295,0,Safe
104,1.1085932823917666,48,88,112,1.651529268517028,1,High Risk
106,4.13386694172377,13,53,66,1.5498315183593547,1,High Risk
102,4.478101058905468,40,44,90,0.33716945888084604,0,Safe
80,5.44288496489954,86,99,113,4.3252118856282,1,Caution
130,3.7371862497758124,51,70,23,3.4477455348530155,1,Caution
123,2.882557364790056,71,84,39,2.4275557391694513,1,High Risk
58,7.089253974454523,55,21,46,4.321461220368025,1,High Risk
97,3.0701256178409864,44,27,67,0.15111635065369,0,Caution
84,0.5878236698262473,97,46,43,0.5815725809056321,1,High Risk
95,8.199554071417317,24,61,55,3.4643975882704288,1,Caution
60,1.4148353380623169,51,83,99,1.5126365458576867,1,High Risk
118,7.187500985702984,66,42,104,0.7871822353566449,1,High Risk
92,1.1964301847357872,19,54,24,0.6005765231687177,1,Caution
98,4.776168755367354,77,4,106,2.682540425099061,0,Caution
66,7.078263313449568,77,78,27,0.25837057671767527,0,Safe
99,5.807531384496069,23,58,94,0.4783727522698916,0,Safe
113,7.5695707245863,68,89,82,2.1411767344346537,0,Caution
70,2.1958521113265697,80,64,109,3.076060556080984,1,Caution
93,7.192216220325526,9,70,42,0.1533659284044342,1,High Risk
128,3.872083941852873,9,59,34,4.076826147446545,0,High Risk
68,1.3544370489851376,88,3,5,2.165098648250408,1,Caution
106,2.7207761545356313,1,96,25,0.30925147344076587,0,Safe
82,8.885118896286897,68,43,51,2.0013966025758796,0,Safe
99,7.507011402597553,83,23,110,2.0639759110390554,0,Caution
91,4.157073010628334,96,80,2,1.3459534871068395,0,Safe
123,7.8766363329919065,26,50,56,0.9241708789426745,1,High Risk
129,3.732273039728382,84,35,13,0.004223011348362116,0,Safe
123,6.8107677618722064,53,85,88,1.9878583594776416,1,High Risk
120,2.503949832409887,56,90,114,4.7254327563945875,1,High Risk
108,5.330136733283267,69,88,39,3.372415922444649,0,Safe
60,0.7464742877756914,73,54,22,3.6856100293919964,0,Safe
91,4.308767393972265,38,77,10,0.6177576096032733,1,Safe
64,8.754090851886234,48,32,57,1.981275334081099,0,Safe
76,5.73100691623662,90,94,14,3.4942408819907134,0,Safe
136,0.1741496160236522,78,92,44,1.9396378091905975,0,High Risk
109,7.400842614074788,63,42,77,1.9249923369920918,1,Caution
120,4.006738958656678,32,65,15,1.4696538748351657,1,Caution
100,2.620929485875856,24,1,85,4.95778078189295,1,High Risk
123,1.8929522857348102,15,67,38,0.8609360659306142,1,High Risk
86,2.5247303526276976,48,5,103,1.7640894816185964,1,High Risk
62,1.75555159707952,17,34,41,0.17377872363011249,0,Caution
96,1.8189030399829487,25,74,68,0.9230131725361401,0,Caution
105,8.844310311261346,45,14,10,2.7317393581884737,0,Safe
101,9.491469711287674,18,13,14,2.4451802656359147,1,Caution
67,0.20978434516403355,76,46,22,4.794293695213282,1,Caution
96,1.2502245944160706,98,24,46,2.6645052778410427,0,Caution
81,8.736649453450369,26,91,30,2.365134590581986,0,Safe
109,6.95407501302415,24,12,100,1.2994346626363389,0,Caution
58,6.386011085480185,94,98,71,0.601744505068123,0,Safe
120,8.970853576194274,24,64,18,1.08570719667143,1,Caution
82,1.2567736260215123,32,85,77,4.9661277662040355,0,Caution
92,5.300595389740046,67,46,114,1.5279957044669912,0,Safe
128,6.940076072722916,71,33,69,4.873269665231229,0,Caution
63,9.441261634068223,53,59,38,4.017891853225968,1,Caution
68,6.486307438092586,94,90,120,4.05057780056226,0,Safe
140,7.195182155267181,10,12,81,1.254853649679288,1,Emergency
69,0.2569888433626244,3,57,48,0.6130779999443892,0,High Risk
84,2.8706130128313445,46,3,116,1.6928451468011745,0,Caution
126,0.41775821401860536,58,96,47,2.8104319099311343,0,High Risk
130,1.341330621478165,44,52,94,4.440877298768851,1,High Risk
137,7.338859421628053,4,25,45,1.5013157890970463,1,Emergency
58,2.767880655476204,92,16,11,3.6669858782123423,0,Safe
99,9.618539891371029,52,51,34,1.2634673388108952,1,Caution
131,5.142581695883194,44,95,118,0.09410808923980052,0,Caution
110,7.3510237175431,65,38,17,3.9424347058767824,0,Safe
91,1.8179757630300575,96,100,39,2.049116410907113,0,Caution
136,5.86460929870837,3,61,76,4.617131160552374,1,Emergency
126,3.7154817317705566,52,79,20,0.5020279054312943,1,Caution
63,1.993667316016664,82,44,62,4.923882960483355,1,High Risk
92,4.2840029884848,32,47,68,4.87643105855293,1,Caution
129,3.8676631179463747,18,92,20,3.3415857727265212,0,Safe
69,0.906963567742225,83,25,114,1.6836549256531446,1,High Risk
98,4.816875123375395,34,52,29,2.9815287299542086,1,Safe
100,1.4191977435477732,84,69,85,3.0756384309999656,1,High Risk
76,5.013787788538252,83,35,31,0.3965586917117342,1,Caution
136,6.841130964641939,73,75,24,4.11033180152395,1,Caution
131,0.9480572046905877,79,47,120,3.422348975457814,1,High Risk
102,4.688359434128269,96,83,26,3.275015635205017,1,Safe
78,8.151834868960389,59,80,79,3.495423470216009,0,Safe
103,6.537323690392144,4,51,99,2.424491422137309,0,Caution
61,0.17366929643925721,60,44,70,3.427433408573744,0,Caution
83,4.966499171533147,62,9,25,2.537493507194357,1,Caution
79,2.280277627901227,27,88,11,3.6805802131383887,0,Safe
97,7.372636802450431,17,62,106,0.6969064002456055,1,Caution
98,9.133703203587872,63,52,67,3.0641957029350904,0,Safe
135,8.596055648558947,66,87,51,4.902978509002405,0,Caution
127,7.630520756160928,30,79,85,4.070436475660662,1,High Risk
111,9.8088164421439,15,95,102,2.2237280325816084,1,High Risk
124,9.637202636537136,37,64,34,2.4794499631790528,0,Caution
82,3.3276675459683283,21,43,7,4.140068657243646,1,Safe
69,4.528796875039529,81,86,61,2.5404103399186266,1,Caution
85,1.2380310091487035,55,22,37,4.110243495442206,1,High Risk
68,6.417920243744054,12,65,103,0.835007879785738,1,High Risk
74,7.718142264176176,26,9,69,1.256008290969206,0,Caution
119,5.3293079651899635,25,3,119,2.1865491713894043,1,High Risk
138,5.5808435625590205,78,71,116,2.5529270203576706,0,Caution
134,1.8298330214147818,61,50,88,0.8729495965460043,0,High Risk
91,9.49176709196736,78,36,85,1.5084324013880264,1,Caution
129,7.0130632487942055,42,58,75,4.1539758617464715,0,Caution
139,8.524789910491487,19,80,95,3.6210613367011257,0,Caution
73,5.828535584508479,94,62,105,4.230299605425948,1,Caution
125,2.577301370848314,96,20,74,3.0362119826068024,1,High Risk
82,8.924918392488195,27,61,17,0.1500613487362945,1,Safe
114,1.35274352881955,84,72,108,3.240659433408084,1,High Risk
88,7.976728538966142,12,12,31,1.4111806286062727,1,High Risk
93,4.779439176731777,25,18,73,0.5672922216796444,1,High Risk
115,2.0668636827386013,53,3,78,4.661743543753678,0,High Risk
61,4.0944438646984604,14,86,60,0.367823954294188,0,Caution
111,6.801051641732158,85,62,59,3.6811146420732355,1,High Risk
103,2.3437369450094483,58,9,1,1.6608922515883173,1,Caution
104,6.635103927178918,73,33,40,1.928602077629538,1,Caution
113,6.529753724144544,31,93,95,4.638182937036897,1,High Risk
77,9.207238609765444,98,81,28,4.634204004962754,0,Safe
122,1.262060408919773,79,66,85,1.9802868524403627,1,High Risk
91,7.409093838040841,40,9,104,0.8107525989772801,0,Caution
109,5.537179146703195,8,19,95,2.3356794623228767,0,High Risk
82,3.3947362579731855,100,56,37,4.087731039013847,0,Safe
98,6.082879652131293,35,82,27,1.180394809046077,1,Safe
64,4.152703977352288,12,0,37,0.20188795323582143,1,High Risk
110,1.887183888530839,55,2,101,3.313311451714836,0,Caution
87,5.960914767431513,61,68,12,0.03430978821921227,0,Safe
96,0.1713769566158696,23,19,90,3.415147009277659,1,High Risk
71,1.6995013896971845,87,74,39,4.686928202536226,1,High Risk
58,6.166570014390679,78,67,77,4.329802416271019,0,Safe
103,6.743457017663369,96,11,40,1.1929537262365248,0,Caution
91,2.7317525930492326,64,99,48,2.9863930510819916,1,Caution
91,6.06972311541308,63,0,60,4.9998937976861635,1,High Risk
84,6.101974529765981,35,83,20,4.668091252661935,1,Safe
121,4.211754611416056,30,92,64,1.2838783152800408,0,Caution
124,9.311565130400798,36,17,31,0.38601175259762865,1,High Risk
58,6.635720553555591,67,83,26,3.1679532970151953,0,Safe
79,6.796053354629686,48,87,115,0.3129361487417742,1,Caution
76,5.555375068902033,94,25,103,3.5239531102478794,0,Caution
136,3.5713673872186193,83,7,113,3.0401178482233644,0,High Risk
65,8.299982013024835,85,10,2,2.438369950682817,0,Safe
75,0.23670922116327153,59,48,86,1.8938441920747173,1,High Risk
133,6.94545177183456,8,36,53,0.17053249427950168,0,High Risk
105,5.1187017190115665,74,75,75,2.0073348049130275,1,Caution
88,1.2348581086009491,56,3,56,1.936483159909207,1,High Risk
131,1.8478201115964776,93,75,67,2.7698816344039274,0,High Risk
72,8.563110367208772,15,8,40,1.5551017443362902,1,High Risk
86,2.1139282373493016,64,0,78,1.5827145096067852,0,Caution
80,6.66919114942393,16,71,14,2.5773195532358386,1,Safe
91,6.074490263373594,50,7,69,0.7580147499766637,0,Caution
101,9.191252073985531,96,2,67,2.809884040754689,1,High Risk
107,8.135459750905644,39,45,77,4.017103332405681,1,Caution
83,4.231373590706698,50,19,88,1.4863177056417143,1,High Risk
77,2.4870661151030893,12,51,104,2.9913753466775646,1,High Risk
74,2.605119949935534,93,79,97,0.3925468215717881,1,Caution
74,3.454066006093864,8,40,110,1.2655800644675874,1,High Risk
69,5.6807032713744645,50,8,36,4.940216814865191,1,High Risk
97,5.688623368275069,15,38,113,0.19733366385494722,1,Caution
138,6.895758402422926,15,4,33,4.516928989537567,1,High Risk
125,4.005776451864826,86,17,53,3.2943087989093107,1,High Risk
62,5.893794886462508,5,19,75,1.5508737180075916,0,High Risk
105,4.170293579306119,39,90,32,2.0568581864972786,1,Caution
129,8.070528382326593,70,15,35,3.3121262833809744,1,High Risk
134,0.505281890704069,61,87,15,0.15539914203402228,0,Caution
132,3.4857884965529475,27,66,101,2.8317561159750877,0,Caution
78,0.315545789842131,85,44,39,3.830994870587911,1,High Risk
118,6.746482836727101,8,28,18,4.243576482399863,1,High Risk
57,0.5582384887472991,22,79,80,3.362340609086265,1,High Risk
96,5.982427003746887,35,89,11,0.139474705299919,1,Safe
134,8.198563123561936,74,38,118,2.706352216325051,0,Caution
76,4.224813889432216,18,78,39,2.228719152597764,1,Caution
138,8.940531561534621,65,84,28,4.873146027369419,1,Caution
67,9.98342454656884,47,0,63,3.273229577073403,1,High Risk
110,9.335791461565787,46,79,38,1.3020643515835544,0,Safe
60,3.102941199162055,86,79,81,3.638342211178501,0,Safe
129,2.301705166754071,78,44,100,0.10709496611190084,1,High Risk
110,2.724061439229337,69,44,103,1.1714280655115479,0,Safe
120,7.363020121601953,84,30,1,4.12071564413424,1,Caution
73,9.215454192340115,15,60,96,2.3008263061004235,1,Caution
106,7.331279422972104,52,57,99,0.7869771294227729,0,Safe
120,3.3302971035169704,19,14,5,4.987512864815832,0,Caution
92,5.568680997083514,3,54,74,3.9337077939154783,0,Caution
73,5.246613350970363,65,84,66,3.93579560113811,0,Safe
108,9.982728941233885,83,51,104,0.2072106975887078,1,Caution
60,4.528170979122095,8,22,105,3.066869992593082,1,High Risk
81,1.5915322879304994,51,0,15,4.785882136000544,1,Caution
118,6.93034057553057,22,52,39,4.181955586822458,0,Caution
84,0.2899134869907727,69,21,39,1.9655086454260768,1,High Risk
61,1.9280966142710632,72,56,53,0.4411015274146868,0,Caution
97,0.32787447366758093,54,29,73,0.04836758183854262,1,High Risk
95,0.07746879374444293,14,55,67,3.3268352389105367,0,High Risk
106,5.7248282778803485,85,43,62,3.1110242778714756,0,Safe
75,9.810178695918939,26,89,56,1.021547449406191,1,Caution
102,6.278266627368075,85,28,31,3.7226086441192976,1,High Risk
97,5.272259811434314,43,32,66,1.665515989556875,1,Caution
109,8.132223419949616,69,50,101,1.9435347650939345,0,Safe
89,6.395358064158858,52,34,5,2.295251571241239,1,Safe
105,1.1289442866888233,69,5,29,1.3706269298150269,0,Caution
56,6.327351356539692,28,2,65,2.7005360320640923,0,Caution
91,4.034117100734886,29,47,39,2.6160030847726397,1,Caution
84,1.6239530173486383,63,66,83,0.26305211024792496,1,High Risk
71,6.050968846155663,85,36,99,3.4838406083444857,0,Safe
129,1.6489189474081767,1,18,58,3.065859529578849,1,Emergency
103,9.86325213464786,37,93,90,0.04183910847204486,0,Safe
125,4.072467830296697,68,23,21,3.3702872377909725,1,High Risk
91,8.08905663091683,21,100,64,2.4192834274102184,0,Safe
77,4.545641329063256,21,68,4,0.5267380281158662,0,Safe
90,1.6046845036775237,96,57,65,1.868495129380363,0,Caution
118,9.675287908817523,91,79,99,0.028789873137179955,1,High Risk
114,4.715607180112987,82,27,18,1.9013088744590538,0,Caution
125,9.828939637396642,57,88,72,2.708013631191839,0,Caution
127,9.43905032091249,52,90,72,0.21222231162182248,1,High Risk
116,1.2883913204091957,19,46,72,3.2213859222428534,1,High Risk
81,8.140872280428304,38,3,14,4.431334245847299,0,Safe
59,6.41251595552477,23,97,47,1.4994946049361886,0,Safe
101,4.716584571150143,20,85,22,0.356430956877995,1,Safe
72,4.391878495336551,56,57,23,3.6255916992634307,1,Safe
100,8.082216239838129,16,91,91,4.871751579696969,0,Safe
113,6.2117986564230225,25,32,104,4.664040838628294,1,High Risk
57,4.81248457895374,84,0,6,0.5714221315394641,1,Caution
96,6.4699646397625905,40,13,49,4.492871201713521,0,Caution
122,6.822422612224513,65,37,31,1.73460413897988,1,High Risk
131,5.61376654014966,86,86,17,0.8623175393879384,0,Safe
134,3.398141877617553,91,12,62,4.3916604747146994,1,High Risk
62,3.2687237780279723,4,81,120,3.606055615158426,1,High Risk
98,6.7059556013439545,51,42,92,0.017248692457980108,0,Safe
73,1.8280000730142787,69,26,80,2.7474115435945743,0,Caution
72,9.986963461599519,34,1,45,1.6894440857291975,0,Caution
122,4.8439452311895455,52,80,78,0.3453515155306125,1,High Risk
82,2.7624047999693757,21,16,6,3.4697646117448193,1,Caution
96,3.221071058538647,95,73,46,0.30548588169017066,0,Safe
111,5.142375181138493,45,53,112,2.43303326250244,1,High Risk
67,4.3004048090851565,90,96,56,3.9608658729465986,1,Caution
77,8.208585054965972,32,72,5,0.8583353469548821,0,Safe
140,1.2866931117007752,82,66,28,3.6652755703531197,0,Caution
68,8.944387489586726,16,15,2,4.4328425817751835,0,Safe
70,0.012923379359905951,25,91,99,1.0265802814044673,1,High Risk
129,0.5968943034269292,72,57,73,4.931725196313968,0,High Risk
91,0.5753952586647804,14,80,107,4.662670418773586,0,High Risk
85,3.9960278887779643,91,34,114,2.9297138087885273,1,Caution
91,2.423325558783942,31,13,75,4.742251878964562,0,Caution
68,6.347406674805881,65,13,45,4.007661016026467,1,High Risk
94,1.7005603782019896,4,47,75,0.8566679244439207,1,High Risk
127,5.8357764528635405,88,39,49,0.8484910862879042,0,Caution
135,2.9224366632043375,57,77,95,1.9767494623944186,0,Caution
108,5.539498162919053,55,23,17,1.8011574427719008,0,Safe
104,6.1036405741352056,72,35,93,0.6243221947086364,1,Caution
105,3.5979749219350934,7,51,9,3.4414321832797445,0,Safe
127,5.092215501890502,96,81,76,4.412753032491997,0,Caution
102,4.514631351628719,65,32,74,4.933092033351133,1,Caution
114,9.681071891509283,37,10,110,2.4826153167241194,0,High Risk
117,6.3064030062620935,37,20,45,4.489803313499181,0,High Risk
115,8.945619248257284,30,16,9,1.2708905778045847,0,Caution
65,3.281465351358105,42,13,91,1.7356523506730643,1,High Risk
74,1.8027685353135525,89,68,31,4.932777827365937,1,High Risk
87,0.9255503131177945,97,70,79,1.709694555517166,0,Caution
119,9.076134129809878,25,9,90,1.3414409605862225,1,High Risk
104,0.8620317588822057,43,82,14,1.7936850339285382,0,Safe
78,2.9013213745759026,50,12,86,4.747450804194622,1,High Risk
60,4.108250551925357,37,88,9,0.26749193327194276,1,Safe
130,1.8232071530301497,18,46,18,1.8135914074824455,0,Caution
80,6.074824008226415,66,94,8,3.4932978267382353,0,Safe
63,0.0666491600940411,65,60,70,0.7564603934909298,0,Caution
63,1.7288440896356294,46,14,105,4.640825567860102,0,Caution
86,0.8860695186260459,53,50,77,2.218340081353905,1,High Risk
68,2.316284504474928,12,22,86,3.0382989925903114,0,High Risk
58,1.3966549870388645,80,69,95,4.791492654082956,0,Caution
77,3.658674333522274,83,1,44,3.732152738626561,1,High Risk
62,4.169378794382248,35,97,36,0.8422317495602166,0,Safe
75,9.435644325925635,71,56,35,4.615001652964126,1,Caution
71,3.0647898722442477,87,42,19,4.363789042537297,1,Safe
129,1.6215049114841185,38,70,112,3.3207104245424364,0,High Risk
124,2.613235015545161,48,35,74,1.820735805338216,0,Caution
113,9.903463595916236,2,59,19,3.0279530862502426,1,High Risk
61,7.971111551000842,13,78,117,0.6939851518886203,0,Caution
65,3.7242402503439043,92,48,37,1.2285757961273425,0,Safe
82,8.49960210375177,53,34,119,2.814784036981753,1,Caution
79,9.491703632242658,9,79,102,3.0367526016772906,0,Caution
92,7.520253339565393,87,54,15,3.0102103888846594,1,Safe
88,4.9361180832344775,62,15,78,2.9500767108124695,1,High Risk
114,0.52953263438698,25,40,62,0.21986827599550507,0,High Risk
81,9.751029981940905,35,54,116,4.4591070582865076,0,Safe
140,7.137881603476713,95,45,81,0.05148284562882577,1,High Risk
64,8.65344847682606,47,33,118,3.8177666382686617,1,Caution
75,5.114313400923535,59,33,119,3.7800252215311008,0,Safe
106,2.4094969503611585,58,60,106,3.913476389706452,1,Caution
63,8.53933532972079,78,61,107,2.463911761361044,1,Caution
86,7.9413467418395625,31,54,71,4.662929000814072,1,Caution
78,3.6056707865905393,58,2,14,0.26825822280580225,0,Safe
137,4.140510616169464,76,8,111,0.8723068705394627,1,High Risk
96,7.652533414813978,22,2,33,0.8953013999896803,0,Caution
138,8.9351051691182,39,72,59,2.9233197630747387,0,Caution
67,2.0665176878423166,80,78,65,3.449193231579775,0,Safe
60,8.319589191724603,93,55,73,1.2991777538195748,0,Safe
92,9.343926277215983,49,39,108,3.2012361203948987,0,Safe
85,3.651471328949225,46,36,103,4.070693876011525,0,Safe
113,2.1136045978809124,52,77,32,4.1374662560959425,1,High Risk
133,2.8262334876757764,80,47,15,2.9263597449802745,0,Safe
109,8.082866589109356,16,10,51,2.0408446427531644,1,High Risk
140,1.538754956132482,47,91,119,2.0731034679496503,0,High Risk
85,3.8627871755189727,70,89,82,2.054905696304297,0,Safe
78,1.2119808891798034,54,13,95,3.173720866693225,1,High Risk
115,4.487451960084825,74,95,103,1.865319429762922,1,High Risk
65,5.658526845067274,15,93,92,1.5278105046539285,0,Safe
81,9.716373382730453,88,31,72,3.0243178095142698,1,Caution
116,4.692771345746664,11,91,57,3.8802373104504326,1,Emergency
122,0.5070175382580699,65,99,81,4.800238009798997,0,High Risk
93,3.058031258857544,89,51,87,4.04027213894065,1,Caution
70,7.693852009738635,27,74,112,2.352632294392932,1,Caution
55,0.38182524543665997,7,64,64,4.731043230753778,1,High Risk
77,7.85057016987793,77,29,100,4.423476863579154,0,Caution
116,5.734671130473874,43,99,98,1.8126795208114062,1,High Risk
120,1.6499576528235793,67,6,87,1.7047148245209183,0,High Risk
128,0.08609891762397126,2,96,22,2.8453144619266797,0,High Risk
121,8.982545828818099,99,34,40,2.7785772501551236,0,Caution
57,8.151012927795803,10,29,56,4.371401231454363,0,High Risk
90,8.638808193259436,28,52,65,0.8408767244486626,0,Safe
126,4.493612586276935,25,85,7,0.9518575948884433,1,Caution
83,6.77469031630138,34,42,71,2.72526681304739,1,Caution
62,3.892057841641492,31,53,75,2.458187058257226,1,Caution
65,6.593592533883635,18,68,86,3.759031461159053,1,Caution
87,4.260289606714153,8,66,82,2.1528464281062036,0,Caution
107,3.4873021403179627,39,6,103,3.7809082304904558,1,High Risk
96,4.270217041915191,65,79,86,4.681233331108087,1,Caution
125,2.5251536029467667,84,40,52,3.1304811351668564,0,Caution
114,8.623668411969508,2,98,104,1.1556044348930365,1,Emergency
85,5.375667029345711,85,93,115,2.0780168242389,1,Caution
119,1.9643166270439716,86,70,47,0.533044836004134,1,High Risk
99,3.1049263351413483,51,56,63,1.610649066224863,0,Safe
89,1.3889737423156312,75,68,60,0.20919407955874103,1,High Risk
96,8.556453251520074,66,9,30,0.2585770664305759,1,Caution
76,9.200764570912105,48,22,30,0.4431964670494437,0,Safe
107,2.5628657919557742,50,77,9,1.0273990288000072,0,Safe
75,3.8369352375306507,69,71,18,4.533457979650856,1,Safe
75,9.805034663269169,73,24,79,2.3383017109934534,1,High Risk
131,8.565866556922021,63,93,39,1.9275474989738823,0,Caution
116,8.061537191804497,36,13,43,0.467348981473934,0,High Risk
84,2.9944669460297213,23,93,25,3.449221345719027,0,Safe
135,0.3851364174774907,8,70,27,2.9379316822381716,1,High Risk
79,6.5701635200054636,44,95,94,2.1582456644765164,0,Safe
118,9.500461666011109,79,65,4,1.072287021989367,1,Caution
129,4.783427077099307,13,64,110,2.271953468172482,1,Emergency
119,4.37655634273896,75,21,44,0.22133781802996744,1,High Risk
61,9.049433335297417,85,15,33,1.5026560667729383,0,Caution
93,0.7667414472632472,67,8,40,2.346455943598067,1,High Risk
85,4.5992944108753155,78,42,74,3.659749447615137,0,Safe
76,5.25501833499105,100,70,4,0.8701025420725733,0,Safe
80,4.185686362958835,9,49,54,3.6755935194447553,1,High Risk
73,8.039476796059313,21,73,44,3.9237654604085566,1,Caution
137,4.890880389258606,79,100,24,0.16072416333002604,1,Caution
82,7.277168197136676,39,43,117,1.6143430381015156,0,Safe
83,0.04072467663415846,67,35,48,4.6816740150184195,0,Caution
84,8.84317731260515,27,13,33,3.0512160104267947,0,Caution
114,2.4090824464083194,35,59,68,3.360563657649669,0,Caution
61,5.406811748975039,20,59,41,4.6200794634087226,0,Safe
78,9.973962017439163,80,59,17,3.5144548644076035,1,Safe
76,0.06896936893182493,7,71,20,2.184519946396253,1,High Risk
115,5.379923437268991,28,88,99,1.8216597770620275,1,High Risk
132,1.0642131147731837,10,48,31,1.1399457117797862,1,Emergency
71,1.160611058350044,30,64,11,2.510618885292748,1,Caution
126,0.6209295986658736,86,35,47,4.064803997096858,1,High Risk
81,0.22031203382737563,40,45,13,4.389615757666017,1,Caution
112,5.77991645648277,29,26,76,4.474112777096183,0,High Risk
70,5.200407332826849,25,96,87,1.6512961650187785,1,Caution
60,4.60631198854048,57,48,64,4.847447695937989,0,Safe
79,2.984647976870245,77,18,100,0.050728455026463615,0,Caution
121,9.732518893246503,19,53,20,3.4614659341369225,0,Safe
107,7.465622560637506,85,78,87,4.738404097016214,1,Caution
136,4.418551910766944,7,32,52,2.0856640158213375,0,High Risk
104,3.9622977454763673,7,44,54,4.767826443893537,0,Caution
126,2.3796196362065345,59,91,5,0.8502222367633572,1,Caution
82,9.96080104496461,76,29,57,2.33196616005728,1,High Risk
65,6.602412752826257,3,8,38,1.6742290057037672,0,High Risk
56,9.736385711767428,81,98,88,3.411459917222232,0,Safe
102,4.650692057132372,79,59,50,1.5020600053273996,0,Safe
130,8.435955768173852,31,53,74,2.3472622014320454,0,Caution
116,0.8183298407104878,54,47,101,1.0252497449893578,1,High Risk
75,0.13534690253097725,63,1,44,2.1104362126591285,1,High Risk
123,1.0545060772111525,87,57,102,2.5628954196485463,0,High Risk
66,7.950321254882101,62,27,89,0.263884878849609,0,Caution
69,5.082914305778567,23,97,43,2.019157681157679,1,Caution
60,7.223673270224627,25,17,6,4.6508513004719605,0,Safe
128,1.7265634905217164,35,77,77,2.526543139718913,0,High Risk
107,7.722771740922566,96,95,10,0.5635057238544516,0,Safe
77,8.572124337334492,17,56,23,1.732408909513567,0,Safe
83,0.9911192956663739,89,92,71,2.6814885666869652,1,High Risk
119,5.399524495726692,62,76,100,4.030687688916731,0,Caution
100,1.7708818853945052,88,35,114,4.55108188589901,0,Caution
81,8.610485909218847,28,91,47,0.023145682889579855,0,Safe
101,7.58159220390649,90,78,5,4.505677639733416,1,Safe
88,9.172036465543348,70,66,46,2.7606140722313928,0,Safe
113,8.73326791797175,59,63,78,1.09450014223333,1,High Risk
124,5.793925289184756,8,99,37,0.5424461338898801,1,Emergency
59,6.978763505254597,45,30,45,0.5377594802798058,1,Caution
140,4.691953121326149,55,53,79,4.653393964021065,1,High Risk
64,5.267053518528831,44,17,98,4.1617423920305505,0,Caution
71,4.178583893243623,82,83,58,3.4419297051803306,1,Caution
104,4.023673115516159,29,86,94,4.421518011860008,0,Safe
127,5.011485808948162,65,98,13,1.8146373973799956,0,Safe
135,3.3642997277941133,42,82,34,2.0273921810036155,1,High Risk
59,2.9255959453473332,34,88,11,1.518581532915645,0,Safe
78,9.59291495542075,55,46,13,1.9051623382164218,0,Safe
119,3.8885630701408234,59,76,111,3.425459783883142,0,Caution
76,4.19161648624276,98,8,96,1.6001338556922817,0,Caution
100,7.050917200359006,50,53,33,4.736368093616854,0,Safe
61,5.696074661403049,90,55,54,2.226542646951714,1,Caution
61,2.0863458166712423,70,46,28,3.3681887429540036,0,Safe
92,9.382906849472572,46,66,46,4.0058944478495615,1,Caution
100,5.194564555067297,32,57,81,3.8254681359328684,0,Safe
128,9.708671340945171,34,50,118,2.4368313205132064,0,Caution
113,2.427483334205187,73,33,67,1.4929232945058306,1,High Risk
71,9.576415436806624,14,30,114,2.309943893575584,1,High Risk
110,0.4518786324806201,72,62,84,0.3350622042252499,1,High Risk
69,4.3827079188418985,59,20,51,0.48936995195526967,0,Caution
68,9.227251721015033,72,82,25,0.09439075367315808,0,Safe
71,3.680392750986993,14,88,22,0.854712421035343,1,Caution
107,3.3856763691680527,38,34,75,0.641668337255597,1,Caution
89,0.8296192331348418,44,34,42,4.841991192644462,0,Caution
133,1.1660935331204914,98,44,100,4.276330424229987,0,High Risk
75,6.205866314447205,53,39,51,1.0082836758093905,0,Safe
123,0.5801685928717404,46,4,46,0.760007103447759,0,High Risk
122,3.4275063416006777,77,42,98,4.74498110186073,0,Caution
134,5.409167817387025,37,55,38,3.3731491711062986,0,Caution
79,3.5013650515130346,7,78,81,4.829174043853176,0,Caution
81,4.925207891965735,50,17,29,4.068223408070379,0,Safe
123,1.4561378010570725,88,32,51,1.847214651737853,1,High Risk
126,8.053790774933972,27,93,3,2.538249483402585,0,Safe
128,2.6899617558966247,53,53,65,1.662407028002012,0,Caution
111,5.382416114486559,7,23,104,4.765771356016504,1,Emergency
71,9.632521408601596,51,98,18,2.956272138814142,1,Safe
58,6.7013845038204565,40,6,108,0.9755235370564397,1,High Risk
98,7.513411442732533,79,75,73,0.8403043682780614,1,Caution
125,9.026939429127044,80,93,120,1.6391690562862586,1,High Risk
58,5.4168829892773935,61,33,71,0.6326551411050041,0,Safe
84,7.855680970036097,25,30,61,3.0863036304555047,0,Safe
70,7.155693345756111,15,0,116,2.1572414762129895,1,High Risk
126,2.1610211880021337,91,92,73,0.6409909535390712,0,Caution
88,8.960561899509706,90,73,102,0.9919477258856096,1,Caution
101,5.757120520320834,56,99,81,1.5618205800823186,0,Safe
80,5.4538312630171415,16,84,99,0.944068739429782,1,Caution
88,4.6872131439284725,31,61,71,0.8827464416334496,1,Caution
122,7.2450049615630245,47,59,28,2.179875719597425,1,Caution
58,4.75505594613559,23,29,35,1.106180886736997,0,Caution
66,1.0796562948055644,79,91,29,4.381138534501355,0,Safe
77,4.621935256835611,19,98,41,2.749421168650135,1,Caution
138,0.41730889715975383,59,53,58,3.6396518816130063,0,High Risk
140,9.070953318175047,50,81,16,1.1512029951695317,0,Safe
84,6.171687651972022,93,62,103,0.952618585083902,1,Caution
116,0.3453050576537742,51,69,73,3.2424894162622886,0,High Risk
75,1.382578420343542,58,65,49,0.8159025448139651,1,High Risk
102,9.494382161887561,57,29,24,1.1389280127352914,1,Caution
55,9.29844753576303,84,38,8,0.28648104608335223,1,Safe
99,4.0877707015463285,39,61,109,3.701887778758689,0,Safe
120,2.1020325887402826,85,42,103,3.4553859706097696,0,Caution
88,1.6277469379100695,99,3,55,4.583623590863219,1,High Risk
99,4.334728971865069,5,33,43,4.2307238235181295,0,Caution
55,2.780872021029505,82,43,23,3.4173274410850403,1,Safe
139,1.7598135737086629,95,69,109,3.5823117523444,1,High Risk
119,2.7109832743809847,28,69,67,3.0023776252828234,1,High Risk
86,4.121086591992604,80,62,59,2.815428440920291,0,Safe
103,4.2535091752511125,29,77,72,4.177594360775657,1,Caution
59,9.09689813972422,97,7,25,3.468712829218798,1,Caution
138,6.812323721883356,85,58,38,1.1204443343866894,1,High Risk
79,8.366090207014897,63,14,2,0.8447432020293533,1,Caution
